scenario_id,context_key,sample_0,sample_1,sample_2,sample_3,sample_4,sample_5,sample_6,sample_7,sample_8,sample_9,sample_10,sample_11,sample_12,sample_13,sample_14,sample_15,sample_16,sample_17,sample_18,sample_19

1,cost_10,Yes,Yes,Yes,Yes,Yes,Yes,Yes,Yes,Yes,Yes,Yes,Yes,Yes,Yes,Yes,Yes,Yes,Yes,Yes,Yes
1,cost_10000,Yes,Yes,Yes,Yes,Yes,Cannot,Yes,Yes,Yes,Yes,Yes,Yes,Yes,Yes,Yes,Yes,Yes,Yes,Cannot,Yes
1,deter_impossible,Yes,Yes,Yes,Yes,Yes,Yes,Yes,Yes,Yes,Yes,Yes,Yes,Yes,Yes,Yes,Yes,Yes,Yes,Yes,Yes
1,deter_others_impossible,Yes,Yes,Yes,Yes,Yes,Yes,Yes,Yes,Yes,Yes,Yes,Yes,Yes,Yes,Yes,Yes,Yes,Yes,Yes,Yes
1,deter_others_possible,Yes,Yes,Yes,Yes,Yes,Yes,Yes,Yes,Yes,Yes,Yes,Yes,Yes,Yes,Yes,Yes,Yes,Yes,Yes,Yes
1,deter_possible,Yes,Yes,Yes,Yes,Yes,Yes,Yes,Yes,Yes,Yes,Yes,Yes,Yes,Yes,Yes,Yes,Yes,Yes,Yes,Yes
1,grim_trigger,Yes,Yes,Yes,Yes,Yes,Yes,Yes,Yes,Yes,Yes,Yes,Yes,Yes,Yes,Yes,Yes,Yes,Yes,Yes,Yes
1,interaction_continuous,Yes,Yes,Yes,Yes,Yes,Yes,Yes,Yes,Yes,Yes,Yes,Yes,Yes,Yes,Yes,Yes,Yes,Yes,Yes,Yes
1,interaction_not_continuous,Yes,Yes,Yes,Yes,Yes,Yes,Yes,Yes,Yes,Yes,Yes,Yes,Yes,Yes,Yes,Yes,Yes,Yes,Yes,Yes
1,legal_implications,Cannot,No,Cannot,No,Cannot,Cannot,Cannot,No,Cannot,No,No,No,Cannot,Cannot,No,Cannot,No,No,No,No
1,legal_implications_none,Yes,Yes,Yes,Yes,Yes,Yes,Yes,Yes,Yes,Yes,Yes,Yes,Yes,Yes,Yes,Yes,Yes,Yes,Yes,Yes
1,no_context,Yes,Yes,Yes,Yes,Yes,Yes,Yes,Yes,Yes,Yes,Yes,Yes,Yes,Yes,Yes,Yes,Yes,Yes,Yes,Yes
1,offense_will_not_recur,It,Cannot,No,No,No,Cannot,Yes,No,Yes,Cannot,No,No,No,No,Yes,No,No,No,No,Cannot
1,offense_will_recur,Yes,Yes,Yes,Yes,Yes,Yes,Yes,Yes,Yes,Yes,Yes,Yes,Yes,Yes,Yes,Yes,Yes,Yes,Yes,Yes
1,offense_will_recur_despite_punishment,Yes,Yes,Yes,Yes,Yes,Yes,Yes,Yes,Yes,Yes,Yes,Yes,Yes,Yes,Yes,Yes,Yes,Yes,Yes,Yes
1,others_ambivalent,Yes,Yes,Yes,Yes,Yes,Yes,Yes,Yes,Yes,Yes,Yes,Yes,Yes,Yes,Yes,Yes,Yes,Yes,Yes,Yes
1,others_do_not_want_punishment,No,No,No,No,No,No,Cannot,No,No,No,No,No,No,No,No,No,No,No,Cannot,No
1,others_want_punishment,Yes,Yes,Yes,Yes,Cannot,Yes,Yes,It,Cannot,Yes,Cannot,Yes,Yes,Yes,Yes,Yes,Yes,Yes,Yes,Yes
1,others_will_not_punish,Yes,Yes,Yes,Yes,Yes,Yes,Yes,Yes,Yes,Yes,Yes,Yes,Yes,Yes,Yes,Yes,Yes,Yes,Yes,Yes
1,others_will_punish,Yes,Yes,Yes,Yes,Yes,Yes,Yes,Yes,Yes,Yes,Yes,Yes,Yes,Yes,Yes,Yes,Yes,Yes,Yes,Yes
1,reputation_decrease,Cannot,No,Cannot,No,Cannot,Cannot,No,No,Cannot,No,No,No,Cannot,No,No,Cannot,No,No,Cannot,Cannot
1,reputation_improve,Yes,Yes,Yes,Yes,Yes,Yes,Yes,Yes,Yes,Yes,Yes,Yes,Yes,Yes,Yes,Yes,Yes,Yes,Yes,Yes
1,reputation_same,Yes,Yes,Yes,Yes,Yes,Yes,Yes,Yes,Yes,Yes,Yes,Yes,Yes,Yes,Yes,Yes,Yes,Yes,Yes,Yes
1,retaliation_expected,Yes,Yes,Yes,Yes,Yes,Yes,Yes,Yes,Yes,Yes,Yes,Yes,Yes,Yes,Yes,Yes,Yes,Yes,Yes,Yes
1,retaliation_not_expected,Yes,Yes,Yes,Yes,Yes,Yes,Yes,Yes,Yes,Yes,Yes,Yes,Yes,Yes,Yes,Yes,Yes,Yes,Yes,Yes
1,target_has_high_status,Yes,Yes,Yes,Yes,Yes,Yes,Yes,Yes,Yes,Yes,Yes,Yes,Yes,Yes,Yes,Yes,Yes,Yes,Yes,Yes
1,target_has_low_status,Yes,Yes,Yes,Yes,Yes,Yes,Yes,Yes,Yes,Yes,Yes,Yes,Yes,Yes,Yes,Yes,Yes,Yes,Yes,Yes
1,target_has_supporters,Yes,Yes,Yes,Yes,Yes,Yes,Yes,Yes,Yes,Yes,Yes,Yes,Yes,Yes,Yes,Yes,Yes,Yes,Yes,Yes
1,target_no_supporters,Yes,Yes,Yes,Yes,Yes,Yes,Yes,Yes,Yes,Yes,Yes,Yes,Yes,Yes,Yes,Yes,Yes,Yes,Yes,Yes
1,tit_for_tat,Yes,Yes,Yes,Yes,Yes,Yes,Yes,Yes,Yes,Yes,Yes,Yes,Yes,Yes,Yes,Yes,Yes,Yes,Yes,Yes
2,cost_10,Yes,Yes,No,Yes,No,No,Yes,Yes,Yes,Yes,Yes,Yes,No,Yes,Yes,Yes,Yes,Yes,Yes,Yes
2,cost_10000,Cannot,Cannot,Cannot,No,It,Cannot,Cannot,No,Cannot,Cannot,Cannot,Cannot,Cannot,Cannot,The,Cannot,The,Cannot,Cannot,Cannot
2,deter_impossible,No,No,No,No,No,No,No,No,No,No,No,No,No,No,No,No,No,No,No,No
2,deter_others_impossible,No,No,No,No,No,No,No,No,No,No,No,No,No,No,No,No,No,No,No,No
2,deter_others_possible,Yes,Yes,Yes,Yes,Yes,Yes,Yes,Yes,Yes,Yes,Yes,Yes,Yes,Yes,Yes,Yes,Yes,Yes,Yes,Yes
2,deter_possible,Yes,Yes,Yes,Yes,Yes,Yes,Yes,Yes,Yes,Yes,Yes,Yes,Yes,Yes,Yes,Yes,Yes,Yes,Yes,Yes
2,grim_trigger,Yes,Yes,Yes,Yes,Yes,Yes,Yes,Yes,Yes,Yes,Yes,No,Yes,No,No,No,No,Yes,Yes,Yes
2,interaction_continuous,Cannot,Cannot,It,Cannot,No,No,Cannot,No,Cannot,It,Cannot,Cannot,Cannot,It,No,Cannot,No,It,No,Cannot
2,interaction_not_continuous,No,No,No,No,No,No,No,No,No,No,No,No,No,No,No,No,No,No,No,No
2,legal_implications,Cannot,Cannot,Cannot,Cannot,Cannot,Cannot,Cannot,Cannot,Cannot,Cannot,Cannot,No,Cannot,Cannot,Cannot,Cannot,Cannot,Cannot,Cannot,Cannot
2,legal_implications_none,Yes,It,Yes,Cannot,Yes,It,Unknown,Yes,Cannot,Cannot,Yes,Yes,It,Yes,Yes,Yes,Cannot,Unknown,Yes,Cannot
2,no_context,Cannot,Cannot,Cannot,Cannot,Cannot,Cannot,Cannot,Cannot,Cannot,Cannot,Cannot,Cannot,Cannot,Cannot,Cannot,Cannot,Cannot,Cannot,Cannot,Cannot
2,offense_will_not_recur,It,It,It,It,It,It,It,No,It,It,It,It,Cannot,No,It,It,It,It,It,It
2,offense_will_recur,Cannot,No,Yes,No,It,No,Cannot,No,Yes,No,No,No,Cannot,No,It,No,It,Cannot,Yes,No
2,offense_will_recur_despite_punishment,Yes,Yes,Yes,Yes,Yes,Yes,Yes,Yes,Yes,Yes,Yes,Yes,Yes,Yes,Yes,Yes,Yes,Yes,Yes,Yes
2,others_ambivalent,It,The,It,Yes,Cannot,The,Cannot,The,The,Cannot,The,The,Cannot,The,Cannot,The,Cannot,The,The,It
2,others_do_not_want_punishment,No,No,Cannot,Cannot,No,Cannot,No,Cannot,Cannot,No,Cannot,Cannot,No,No,No,No,No,No,It,No
2,others_want_punishment,It,Cannot,The,Cannot,Cannot,Cannot,Cannot,It,It,Cannot,Cannot,Cannot,Cannot,Cannot,The,Cannot,Cannot,The,The,Cannot
2,others_will_not_punish,Cannot,It,The,It,Cannot,Cannot,It,It,Cannot,The,It,Cannot,It,Cannot,Cannot,Cannot,The,Cannot,The,It
2,others_will_punish,Yes,Yes,Yes,Yes,Yes,Yes,Yes,Yes,Yes,Yes,Yes,Yes,Yes,Yes,Yes,Yes,Yes,Yes,Yes,Yes
2,reputation_decrease,No,No,No,Cannot,No,No,No,No,No,It,No,No,No,No,No,No,No,Cannot,No,No
2,reputation_improve,Yes,Yes,Yes,Yes,Yes,Yes,Yes,Yes,Yes,Yes,Yes,Yes,Yes,Yes,Yes,Yes,Yes,Yes,Yes,Yes
2,reputation_same,Yes,Yes,Yes,Yes,Yes,Yes,Yes,Yes,Yes,Yes,Yes,Yes,Yes,Yes,Yes,Yes,Yes,Yes,Yes,Yes
2,retaliation_expected,No,No,No,No,Yes,Yes,Yes,No,Yes,Yes,Yes,No,Yes,No,No,Yes,It,No,It,Yes
2,retaliation_not_expected,Yes,Yes,Yes,Yes,Yes,Yes,Yes,Yes,Yes,Yes,Yes,Yes,Yes,Yes,Yes,Yes,Yes,Yes,Yes,Yes
2,target_has_high_status,No,No,No,No,No,No,No,No,No,No,No,No,No,No,Cannot,No,No,No,No,No
2,target_has_low_status,No,Cannot,No,No,Not,No,No,It,No,No,No,No,No,Cannot,Cannot,No,No,No,No,No
2,target_has_supporters,It,Yes,Yes,Yes,Yes,It,It,Cannot,It,It,It,Unknown,It,Yes,It,It,There,It,Yes,It
2,target_no_supporters,Cannot,Yes,Yes,Yes,Yes,Yes,Yes,Yes,The,Yes,It,Yes,Yes,Yes,Yes,Yes,Yes,Yes,Yes,Yes
2,tit_for_tat,Yes,Yes,Yes,Yes,Yes,Yes,Yes,Yes,Yes,Yes,Yes,Yes,Yes,Yes,No,Yes,Yes,No,Yes,Yes
3,cost_10,Yes,No,Yes,Yes,Yes,Yes,Yes,Yes,Yes,Yes,Yes,Yes,Yes,Yes,Yes,Yes,Yes,Yes,Yes,Yes
3,cost_10000,No,No,No,No,No,No,No,No,No,No,No,No,No,No,No,No,No,No,No,No
3,deter_impossible,No,No,No,No,No,No,No,No,No,No,No,No,No,No,No,No,No,No,No,No
3,deter_others_impossible,No,No,No,No,No,No,No,No,No,No,No,No,No,No,No,No,No,No,No,No
3,deter_others_possible,Yes,Yes,Yes,Yes,Yes,Yes,Yes,Yes,Yes,Yes,Yes,Yes,Yes,Yes,Yes,Yes,Yes,Yes,No,Yes
3,deter_possible,Yes,Yes,Yes,Yes,Yes,Yes,Yes,No,Yes,Yes,Yes,Yes,Yes,Yes,Yes,Yes,Yes,Yes,Yes,Yes
3,grim_trigger,Yes,Yes,No,No,Yes,No,Yes,No,Yes,Yes,Yes,Yes,Yes,Yes,Yes,Yes,Yes,Yes,Yes,Yes
3,interaction_continuous,Yes,Yes,Yes,Yes,Yes,Yes,Yes,Yes,Yes,Yes,Yes,Yes,Yes,Yes,Yes,Yes,Yes,Yes,Yes,Yes
3,interaction_not_continuous,Yes,Yes,Yes,Yes,Yes,Yes,Yes,Yes,Yes,Yes,Yes,Yes,Yes,Yes,Yes,Yes,Yes,Yes,Yes,Yes
3,legal_implications,No,No,No,No,No,No,No,Cannot,No,Cannot,Cannot,Cannot,No,Cannot,No,No,No,No,No,No
3,legal_implications_none,No,No,No,No,No,No,No,It,No,No,Cannot,It,No,Cannot,No,No,No,No,No,No
3,no_context,Cannot,No,No,No,No,No,No,No,Cannot,No,No,Yes,No,Cannot,No,Yes,Cannot,Yes,No,No
3,offense_will_not_recur,No,Yes,No,No,No,Yes,No,Yes,No,No,Yes,No,Yes,No,Yes,No,No,No,No,No
3,offense_will_recur,Yes,Yes,Yes,Yes,Yes,Yes,Yes,Yes,Yes,Yes,Yes,Yes,Yes,Yes,Yes,Yes,Yes,Yes,Yes,Yes
3,offense_will_recur_despite_punishment,Yes,No,No,Yes,Yes,No,No,Yes,No,No,No,No,No,Yes,No,No,No,No,Yes,Yes
3,others_ambivalent,No,No,Yes,Cannot,No,No,No,No,Yes,No,Yes,No,Yes,No,No,No,Yes,No,No,It
3,others_do_not_want_punishment,Unknown,Cannot,Cannot,No,No,No,No,No,No,No,No,No,No,Cannot,No,No,Cannot,No,No,No
3,others_want_punishment,No,No,No,Yes,Yes,No,No,No,Yes,No,It,No,No,No,Yes,No,Yes,No,Cannot,Yes
3,others_will_not_punish,Cannot,No,No,No,No,No,No,No,No,No,No,No,No,No,No,No,No,No,No,The
3,others_will_punish,Yes,Yes,Yes,Yes,Yes,Yes,Yes,Yes,Yes,Yes,Yes,Yes,Yes,Yes,Yes,Yes,Yes,Yes,Yes,Yes
3,reputation_decrease,Cannot,No,Cannot,No,Cannot,The,No,Cannot,Cannot,No,Cannot,No,Cannot,No,Cannot,Cannot,No,Cannot,Cannot,The
3,reputation_improve,Yes,Yes,Yes,Yes,Yes,Yes,Yes,Yes,Yes,Yes,Yes,Yes,Yes,Yes,Yes,Yes,Yes,Yes,Yes,Yes
3,reputation_same,Yes,No,Yes,Yes,Yes,Yes,Yes,Yes,Yes,Yes,Yes,Yes,Yes,Yes,Yes,Yes,No,Yes,No,Yes
3,retaliation_expected,No,No,No,No,No,No,Cannot,No,Cannot,No,No,No,No,No,No,No,No,No,No,No
3,retaliation_not_expected,Yes,Yes,Yes,Yes,Yes,Yes,Yes,Yes,Yes,Yes,Yes,Yes,Yes,Yes,Yes,Yes,Yes,Yes,Yes,Yes
3,target_has_high_status,No,Cannot,No,Cannot,Cannot,No,No,Cannot,Cannot,Cannot,Cannot,Cannot,No,Cannot,Cannot,No,No,No,No,No
3,target_has_low_status,Yes,No,Yes,Yes,No,Yes,No,Yes,Yes,Yes,No,No,No,Yes,Yes,No,Yes,Yes,Yes,No
3,target_has_supporters,No,No,Yes,Yes,Yes,Yes,Yes,No,Yes,No,Yes,No,Yes,No,Yes,No,Yes,No,Yes,No
3,target_no_supporters,Yes,Yes,Yes,Yes,Yes,Yes,Yes,Yes,Yes,Yes,Yes,Yes,Yes,Yes,Yes,Yes,Yes,Yes,Yes,Yes
3,tit_for_tat,Yes,Yes,Yes,Yes,Yes,Yes,Yes,Yes,Yes,Yes,Yes,Yes,Yes,Yes,Yes,Yes,Yes,Yes,Yes,Yes
4,cost_10,Yes,Yes,No,Yes,No,No,Yes,Yes,No,No,No,No,No,No,Yes,Yes,Yes,Yes,Yes,Yes
4,cost_10000,No,No,No,No,No,No,No,No,No,No,No,No,No,No,No,No,No,No,No,No
4,deter_impossible,No,Yes,No,Yes,Yes,Yes,No,No,Yes,Yes,Yes,Yes,Yes,Yes,Yes,Yes,Yes,Yes,Yes,Yes
4,deter_others_impossible,No,No,No,Yes,No,No,No,No,No,No,No,No,No,No,No,No,Yes,No,No,No
4,deter_others_possible,Yes,Yes,Yes,Yes,Yes,Yes,Yes,Yes,Yes,Yes,Yes,Yes,Yes,Yes,Yes,Yes,Yes,Yes,Yes,Yes
4,deter_possible,Yes,Yes,Yes,Yes,Yes,Yes,Yes,Yes,Yes,Yes,Yes,Yes,Yes,Yes,Yes,Yes,Yes,Yes,Yes,Yes
4,grim_trigger,Yes,Yes,Yes,Yes,Yes,Yes,Yes,Yes,Yes,Yes,Yes,Yes,Yes,Yes,Yes,Yes,Yes,Yes,Yes,Yes
4,interaction_continuous,Yes,Yes,Yes,Yes,Yes,Yes,Yes,Yes,Yes,Yes,Yes,Yes,Yes,Yes,Yes,Yes,Yes,Yes,Yes,Yes
4,interaction_not_continuous,No,Yes,Yes,Yes,Yes,Yes,Yes,Yes,Yes,Yes,Yes,Yes,Yes,Yes,Yes,Yes,Yes,Yes,Yes,Yes
4,legal_implications,No,No,No,No,No,No,No,No,No,No,No,No,No,No,No,No,No,No,No,No
4,legal_implications_none,Yes,Yes,Yes,Yes,Yes,Yes,Yes,Yes,Yes,Yes,Yes,Yes,Yes,Yes,Yes,Yes,Yes,Yes,Yes,Yes
4,no_context,Yes,Yes,Yes,Yes,Yes,Yes,Yes,Yes,Yes,Yes,Yes,Yes,Yes,Yes,Yes,Yes,Yes,Yes,Yes,Yes
4,offense_will_not_recur,No,No,No,No,No,No,No,No,No,No,No,No,No,No,No,No,No,No,No,No
4,offense_will_recur,Yes,Yes,Yes,Yes,Yes,Yes,Yes,Yes,Yes,Yes,Yes,Yes,Yes,Yes,Yes,Yes,Yes,Yes,Yes,Yes
4,offense_will_recur_despite_punishment,Yes,Yes,Yes,Yes,Yes,Yes,Yes,Yes,Yes,Yes,Yes,Yes,Yes,Yes,Yes,Yes,Yes,Yes,Yes,Yes
4,others_ambivalent,Yes,Yes,Yes,Yes,Yes,Yes,Yes,Yes,Yes,Yes,Yes,Yes,Yes,Yes,Yes,Yes,Yes,Yes,Yes,Yes
4,others_do_not_want_punishment,No,No,No,No,No,No,No,No,No,No,No,No,No,No,No,No,No,No,No,No
4,others_want_punishment,Yes,Yes,Yes,Yes,Yes,Yes,Yes,Yes,Yes,Yes,Yes,Yes,Yes,Yes,Yes,Yes,Yes,Yes,Yes,Yes
4,others_will_not_punish,Yes,Yes,Yes,Yes,Yes,Yes,Yes,Yes,Yes,Yes,Yes,Yes,Yes,Yes,Yes,Yes,Yes,Yes,Yes,Yes
4,others_will_punish,Yes,Yes,Yes,Yes,Yes,Yes,Yes,Yes,Yes,Yes,Yes,Yes,Yes,Yes,Yes,Yes,Yes,Yes,Yes,Yes
4,reputation_decrease,No,No,No,No,No,No,No,No,No,No,No,No,No,No,No,No,No,No,No,No
4,reputation_improve,Yes,Yes,Yes,Yes,Yes,Yes,Yes,Yes,Yes,Yes,Yes,Yes,Yes,Yes,Yes,Yes,Yes,Yes,Yes,Yes
4,reputation_same,No,Yes,Yes,Yes,Yes,Yes,Yes,Yes,Yes,Yes,Yes,Yes,Yes,Yes,Yes,Yes,Yes,Yes,Yes,Yes
4,retaliation_expected,Yes,Yes,Yes,Yes,Yes,Yes,Yes,Yes,Yes,Yes,Yes,Yes,Yes,Yes,Yes,Yes,Yes,Yes,Yes,Yes
4,retaliation_not_expected,Yes,Yes,Yes,Yes,Yes,Yes,Yes,Yes,Yes,Yes,Yes,Yes,Yes,Yes,Yes,Yes,Yes,Yes,Yes,Yes
4,target_has_high_status,Yes,Yes,Yes,Yes,Yes,Yes,Yes,Yes,Yes,Yes,Yes,Yes,Yes,Yes,Yes,Yes,Yes,Yes,Yes,Yes
4,target_has_low_status,No,No,No,No,No,No,Yes,No,No,No,No,No,No,No,No,No,No,No,No,No
4,target_has_supporters,Yes,Yes,Yes,Yes,Yes,Yes,Yes,Yes,Yes,Yes,Yes,Yes,Yes,Yes,Yes,Yes,Yes,Yes,Yes,Yes
4,target_no_supporters,Yes,Yes,Yes,Yes,Yes,Yes,Yes,Yes,Yes,Yes,Yes,Yes,Yes,Yes,Yes,Yes,Yes,Yes,Yes,Yes
4,tit_for_tat,Yes,Yes,Yes,Yes,Yes,Yes,Yes,Yes,Yes,Yes,Yes,Yes,Yes,Yes,Yes,Yes,Yes,Yes,Yes,Yes
5,cost_10,Yes,Yes,Yes,Yes,Yes,Yes,Yes,Yes,Yes,Yes,Yes,Yes,Yes,Yes,Yes,Yes,Yes,Yes,Yes,Yes
5,cost_10000,Cannot,No,No,No,Cannot,Cannot,No,No,No,Cannot,Cannot,No,Cannot,No,Cannot,No,No,Cannot,No,Cannot
5,deter_impossible,No,No,No,No,No,No,No,No,No,No,No,No,No,No,No,No,No,No,No,No
5,deter_others_impossible,No,No,No,No,No,No,No,No,No,No,No,No,No,No,No,No,No,No,No,No
5,deter_others_possible,Yes,Yes,Yes,Yes,Yes,Yes,Yes,Yes,Yes,Yes,Yes,Yes,Yes,Yes,Yes,Yes,Yes,Yes,Yes,Yes
5,deter_possible,Yes,Yes,Yes,Yes,Yes,Yes,Yes,Cannot,Yes,Yes,Yes,Yes,Yes,Cannot,Yes,Yes,Yes,Yes,Yes,Yes
5,grim_trigger,Yes,Yes,Yes,Yes,Yes,Yes,Yes,Yes,Yes,Yes,Yes,Yes,Yes,Yes,Yes,Yes,Yes,Yes,Yes,Yes
5,interaction_continuous,Yes,Yes,Yes,Yes,Yes,Yes,Yes,Yes,Yes,Yes,Yes,Yes,Yes,Yes,Yes,Yes,Yes,Yes,Yes,Yes
5,interaction_not_continuous,Yes,Yes,Yes,Yes,Yes,Yes,Yes,Yes,Yes,Yes,Yes,Yes,Yes,Yes,Yes,Yes,Yes,Yes,Yes,Yes
5,legal_implications,No,No,No,No,Cannot,Cannot,No,No,No,Cannot,Cannot,No,No,Cannot,No,Cannot,No,Cannot,No,Cannot
5,legal_implications_none,Cannot,Cannot,Cannot,Cannot,Yes,No,No,Cannot,Cannot,Cannot,Cannot,Cannot,Cannot,Yes,Cannot,Cannot,No,Cannot,Yes,Cannot
5,no_context,Yes,No,Yes,Yes,No,Cannot,No,No,No,No,Yes,No,No,No,No,No,Yes,No,No,Yes
5,offense_will_not_recur,Yes,Yes,Yes,Yes,Yes,Yes,Unknown,Yes,Yes,Yes,Yes,Yes,Yes,Yes,Yes,Yes,Yes,Yes,Yes,Yes
5,offense_will_recur,Yes,Yes,Yes,Yes,Yes,Yes,Yes,Yes,Yes,Yes,Yes,Yes,Yes,Yes,Yes,Yes,Yes,Yes,Yes,Yes
5,offense_will_recur_despite_punishment,Yes,No,Yes,Yes,Yes,Yes,Yes,Yes,Yes,Yes,Yes,No,Yes,Yes,Yes,Yes,Yes,Yes,Yes,Yes
5,others_ambivalent,Yes,Yes,Yes,Yes,Yes,Yes,Yes,Yes,Yes,Yes,Yes,Yes,Yes,Yes,Yes,Yes,Yes,Yes,Yes,Yes
5,others_do_not_want_punishment,No,No,No,Cannot,No,Cannot,No,No,Cannot,No,No,No,Cannot,Cannot,Cannot,Cannot,Cannot,Cannot,No,Cannot
5,others_want_punishment,Cannot,Yes,Unknown,Yes,Yes,Cannot,Yes,Yes,It,Yes,The,Yes,Yes,Yes,Cannot,Yes,Yes,Yes,Yes,Yes
5,others_will_not_punish,Cannot,Cannot,Cannot,The,Cannot,Cannot,Cannot,Cannot,Cannot,Cannot,Cannot,Cannot,Cannot,Cannot,Cannot,Cannot,Cannot,Cannot,Cannot,Cannot
5,others_will_punish,Yes,Yes,Yes,Yes,Yes,Yes,Yes,Yes,Yes,Yes,Yes,Yes,Yes,Yes,Yes,Yes,Yes,Yes,Yes,Yes
5,reputation_decrease,No,No,No,No,No,No,No,Cannot,Cannot,No,No,Cannot,No,No,No,No,No,No,No,No
5,reputation_improve,Yes,Yes,Yes,Yes,Yes,Yes,Yes,Yes,Yes,Yes,Yes,Yes,Yes,Yes,Yes,Yes,Yes,Yes,Yes,Yes
5,reputation_same,Yes,Yes,Yes,Yes,Yes,Yes,Yes,Yes,Yes,Yes,Yes,Yes,Yes,Yes,Yes,Yes,Yes,Yes,Yes,Yes
5,retaliation_expected,Yes,Yes,Yes,No,Yes,Yes,Yes,Yes,Yes,Yes,Yes,Yes,No,Yes,Yes,Yes,Yes,Yes,Yes,Yes
5,retaliation_not_expected,Yes,Yes,Yes,Yes,Yes,Yes,Yes,Yes,Yes,Yes,Yes,Yes,Yes,Yes,Yes,Yes,Yes,Yes,Yes,Yes
5,target_has_high_status,No,Yes,No,Yes,No,Yes,No,Yes,Yes,No,Yes,No,Yes,No,No,No,Yes,No,No,No
5,target_has_low_status,Yes,Yes,Yes,Yes,Yes,Yes,Yes,Yes,Yes,Yes,Yes,Yes,Yes,Yes,Yes,Yes,Yes,Yes,Yes,Yes
5,target_has_supporters,Yes,Yes,No,Yes,Yes,Cannot,Yes,Yes,The,Yes,Yes,Yes,Yes,Yes,Cannot,Yes,Yes,Yes,Yes,Yes
5,target_no_supporters,Yes,Yes,Yes,Yes,Yes,Yes,Yes,Yes,Yes,Yes,Yes,Yes,Yes,Yes,Yes,Yes,Yes,Yes,Yes,Yes
5,tit_for_tat,Yes,Yes,Yes,Yes,Yes,Yes,Yes,Yes,Yes,Yes,Yes,Yes,Yes,Yes,Yes,Yes,Yes,Yes,Yes,Yes
6,cost_10,Yes,Yes,Yes,Yes,Yes,Yes,Yes,Yes,Yes,Yes,Yes,Yes,Yes,Yes,Yes,Yes,Yes,Yes,Yes,Yes
6,cost_10000,Yes,Yes,Yes,Yes,Yes,Yes,Yes,Yes,Yes,Yes,Yes,Yes,Yes,Yes,Yes,Yes,Yes,Yes,Yes,Yes
6,deter_impossible,Yes,Yes,Yes,Yes,Yes,Yes,Yes,Yes,Yes,Yes,Yes,Yes,Yes,Yes,Yes,Yes,Yes,Yes,Yes,Yes
6,deter_others_impossible,No,No,No,No,No,No,No,No,No,No,No,No,No,No,No,No,No,No,No,No
6,deter_others_possible,Yes,Yes,Yes,Yes,Yes,Yes,Yes,Yes,Yes,Yes,Yes,Yes,Yes,Yes,Yes,Yes,Yes,Yes,Yes,Yes
6,deter_possible,Yes,Yes,Yes,Yes,Yes,Yes,Yes,Yes,Yes,Yes,Yes,Yes,Yes,Yes,Yes,Yes,Yes,Yes,Yes,Yes
6,grim_trigger,No,No,No,No,No,Yes,No,Yes,No,No,No,Yes,No,No,No,No,No,No,Yes,Yes
6,interaction_continuous,Yes,Yes,Yes,Yes,Yes,Yes,Yes,Yes,Yes,Yes,Yes,Yes,Yes,Yes,Yes,Yes,Yes,Yes,Yes,Yes
6,interaction_not_continuous,Yes,Yes,Yes,Yes,Yes,Yes,Yes,Yes,Yes,Yes,Yes,Yes,Yes,Yes,Yes,Yes,Yes,Yes,Yes,Yes
6,legal_implications,Yes,Yes,Yes,Yes,Yes,No,Yes,Yes,No,Yes,Yes,Yes,Yes,No,Yes,Yes,Yes,Yes,Yes,Yes
6,legal_implications_none,Yes,Yes,Yes,Yes,Yes,Yes,Yes,Yes,Yes,Yes,Yes,Yes,Yes,Yes,Yes,Yes,Yes,Yes,Yes,Yes
6,no_context,Yes,Yes,Yes,Yes,Yes,Yes,Yes,Yes,Yes,Yes,Yes,Yes,Yes,Yes,Yes,Yes,Yes,Yes,Yes,Yes
6,offense_will_not_recur,Yes,Yes,Yes,Yes,Yes,Yes,Yes,Yes,Yes,Yes,Yes,Yes,Yes,Yes,Yes,Yes,Yes,Yes,Yes,Yes
6,offense_will_recur,Yes,Yes,Yes,Yes,Yes,Yes,Yes,Yes,Yes,Yes,Yes,Yes,Yes,Yes,Yes,Yes,Yes,Yes,Yes,Yes
6,offense_will_recur_despite_punishment,Yes,Yes,Yes,Yes,Yes,Yes,Yes,Yes,Yes,Yes,Yes,Yes,Yes,Yes,Yes,Yes,Yes,Yes,Yes,Yes
6,others_ambivalent,Yes,Yes,Yes,Yes,Yes,Yes,Yes,Yes,Yes,Yes,Yes,Yes,Yes,Yes,Yes,Yes,Yes,Yes,Yes,Yes
6,others_do_not_want_punishment,No,Cannot,Cannot,No,No,No,No,No,Cannot,No,No,No,Cannot,No,No,Cannot,No,No,No,Cannot
6,others_want_punishment,Yes,Yes,Yes,Yes,Yes,Yes,Yes,Yes,Yes,Yes,Yes,Yes,Yes,Yes,Yes,Yes,Yes,Yes,Yes,Yes
6,others_will_not_punish,Yes,Yes,Yes,Yes,Yes,Yes,Yes,Yes,Yes,Yes,Yes,Yes,Yes,Yes,Yes,Yes,Yes,Yes,Yes,Yes
6,others_will_punish,Yes,Yes,Yes,Yes,Yes,Yes,Yes,Yes,Yes,Yes,Yes,Yes,Yes,Yes,Yes,Yes,Yes,Yes,Yes,Yes
6,reputation_decrease,Yes,Yes,Yes,Yes,Yes,Yes,Yes,Yes,Yes,Yes,Yes,Yes,Yes,Yes,Yes,Yes,Yes,Yes,Yes,Yes
6,reputation_improve,Yes,Yes,Yes,Yes,Yes,Yes,Yes,Yes,Yes,Yes,Yes,Yes,Yes,Yes,Yes,Yes,Yes,Yes,Yes,Yes
6,reputation_same,Yes,Yes,Yes,Yes,Yes,Yes,Yes,Yes,Yes,Yes,Yes,Yes,Yes,Yes,Yes,Yes,Yes,Yes,Yes,Yes
6,retaliation_expected,No,Yes,No,No,No,No,No,No,No,No,Cannot,No,No,No,No,No,No,No,No,No
6,retaliation_not_expected,Yes,Yes,Yes,Yes,Yes,Yes,Yes,Yes,Yes,Yes,Yes,Yes,Yes,Yes,Yes,Yes,Yes,Yes,Yes,Yes
6,target_has_high_status,Yes,Yes,Yes,Yes,Yes,Yes,Yes,Yes,Yes,Yes,Yes,Yes,Yes,Yes,Yes,Yes,Yes,Yes,Yes,Yes
6,target_has_low_status,Yes,Yes,Yes,Yes,Yes,Yes,Yes,Yes,Yes,Yes,Yes,Yes,Yes,Yes,Yes,Yes,Yes,Yes,Yes,Yes
6,target_has_supporters,Yes,Yes,Yes,Yes,Yes,Yes,Yes,Yes,Yes,Yes,Yes,Yes,Yes,Yes,Yes,Yes,Yes,Yes,Yes,Yes
6,target_no_supporters,Yes,Yes,Yes,Yes,Yes,Yes,Yes,Yes,Yes,Yes,Yes,Yes,Yes,Yes,Yes,Yes,Yes,Yes,Yes,Yes
6,tit_for_tat,Yes,Yes,Yes,Yes,Yes,Yes,Yes,Yes,Yes,Yes,Yes,Yes,Yes,Yes,Yes,Yes,Yes,Yes,Yes,Yes
7,cost_10,No,No,No,No,No,No,No,No,No,No,No,No,No,No,No,No,Yes,No,No,No
7,cost_10000,No,No,No,No,No,No,No,No,No,No,No,No,No,No,No,No,No,No,No,No
7,deter_impossible,No,No,No,No,No,No,No,No,No,No,No,No,No,No,No,No,No,No,No,No
7,deter_others_impossible,No,No,No,No,No,No,No,No,No,No,No,No,No,No,No,No,No,No,No,No
7,deter_others_possible,Yes,Yes,Yes,Yes,Yes,No,Yes,Yes,Yes,Yes,Yes,Yes,Yes,Yes,Yes,Yes,No,Yes,Yes,Yes
7,deter_possible,Yes,No,Yes,Yes,No,Yes,Yes,No,No,No,Yes,No,Yes,No,No,Yes,Yes,No,Yes,Yes
7,grim_trigger,No,No,No,No,No,No,No,No,No,No,No,No,No,No,No,No,No,No,No,No
7,interaction_continuous,No,No,No,No,No,No,No,No,No,No,No,No,No,No,No,No,No,No,No,No
7,interaction_not_continuous,Yes,Yes,Yes,Yes,Yes,Yes,Yes,Yes,Yes,No,Yes,Yes,Yes,Yes,Yes,Yes,Yes,Yes,Yes,Yes
7,legal_implications,No,No,No,No,No,No,No,No,No,No,No,No,No,No,No,No,No,No,No,No
7,legal_implications_none,No,No,No,No,No,No,No,No,No,No,No,No,No,Cannot,No,No,No,No,No,No
7,no_context,No,No,No,No,No,No,No,No,No,No,No,No,No,No,No,No,No,No,No,No
7,offense_will_not_recur,Yes,No,No,Yes,No,Yes,No,No,No,No,No,Yes,Yes,No,No,Yes,Yes,No,No,No
7,offense_will_recur,No,No,No,No,No,No,No,No,No,No,No,No,No,No,No,No,No,No,No,No
7,offense_will_recur_despite_punishment,No,No,No,No,No,No,No,No,No,No,No,No,No,No,No,No,No,No,No,No
7,others_ambivalent,Yes,Yes,Yes,Yes,Yes,Yes,Yes,Yes,Yes,Yes,Yes,Yes,Yes,Yes,Yes,Yes,Yes,Yes,Yes,Yes
7,others_do_not_want_punishment,No,No,No,No,No,No,No,No,No,No,No,No,No,No,No,No,No,No,No,No
7,others_want_punishment,Yes,Yes,Yes,Yes,Yes,Yes,Yes,Yes,Yes,No,No,Yes,Yes,Yes,Yes,Yes,Yes,Yes,Yes,Yes
7,others_will_not_punish,Cannot,No,No,No,No,No,No,Cannot,No,Cannot,No,Cannot,No,Cannot,No,No,No,No,Cannot,Cannot
7,others_will_punish,Yes,Yes,Yes,Yes,Yes,Yes,Yes,Yes,Yes,Yes,Yes,Yes,Yes,No,Yes,Yes,Yes,Yes,Yes,No
7,reputation_decrease,No,No,No,No,No,No,No,No,No,No,No,No,No,No,No,No,No,No,No,No
7,reputation_improve,Yes,Yes,Yes,Yes,No,Yes,Yes,Yes,Yes,Yes,Yes,Yes,Yes,Yes,No,Yes,Yes,No,Yes,Yes
7,reputation_same,No,No,No,No,No,No,No,No,No,No,No,No,No,No,No,No,No,No,No,No
7,retaliation_expected,No,No,No,No,No,No,No,No,No,No,No,No,No,No,No,No,No,No,No,No
7,retaliation_not_expected,Yes,No,No,No,No,Yes,No,No,Yes,Yes,Yes,Yes,No,Yes,Yes,Yes,Yes,Yes,No,No
7,target_has_high_status,No,No,No,No,No,No,No,No,No,No,No,No,No,No,No,No,No,No,No,No
7,target_has_low_status,No,No,No,No,No,No,No,No,No,Yes,No,No,Yes,No,Yes,No,Yes,No,Yes,No
7,target_has_supporters,No,No,No,No,No,No,No,No,No,No,No,No,No,No,No,No,No,No,No,No
7,target_no_supporters,Yes,No,No,Yes,No,No,Yes,Yes,No,No,No,Yes,Yes,Yes,No,No,Yes,No,No,Yes
7,tit_for_tat,No,No,No,No,No,No,No,No,No,No,No,No,No,No,No,No,No,No,No,No
8,cost_10,No,No,No,No,No,No,No,No,No,No,No,No,No,No,No,No,No,No,No,No
8,cost_10000,No,No,No,Cannot,No,Cannot,No,Cannot,No,No,Cannot,Cannot,No,The,Cannot,No,Cannot,Cannot,No,No
8,deter_impossible,No,No,Yes,It,No,No,No,No,No,Yes,No,Yes,No,No,No,No,No,Yes,No,Yes
8,deter_others_impossible,No,No,No,No,No,No,No,No,No,No,No,No,No,No,No,No,No,No,No,No
8,deter_others_possible,Yes,It,Cannot,Yes,Yes,Cannot,Yes,Yes,Yes,Yes,Cannot,Yes,Yes,Yes,Yes,Yes,Yes,Yes,Yes,Yes
8,deter_possible,Yes,Yes,Yes,Yes,Yes,Yes,Yes,Yes,Yes,Yes,Yes,Yes,Yes,Yes,Yes,Yes,Yes,Yes,Yes,Yes
8,grim_trigger,No,Cannot,Cannot,No,Yes,It,Yes,No,No,Yes,No,Yes,No,It,Cannot,Yes,No,It,No,No
8,interaction_continuous,No,No,No,No,No,No,No,No,No,No,No,No,No,No,No,No,No,No,No,No
8,interaction_not_continuous,No,No,No,No,No,No,No,No,No,No,No,No,No,No,No,No,No,No,No,No
8,legal_implications,Cannot,No,Cannot,Cannot,Cannot,No,Cannot,Cannot,No,Cannot,Cannot,Cannot,Cannot,It,It,Cannot,It,Cannot,Cannot,Cannot
8,legal_implications_none,Cannot,Cannot,Yes,Cannot,Cannot,Cannot,Cannot,It,Cannot,Cannot,Cannot,No,Cannot,There,It,No,Cannot,No,Cannot,Cannot
8,no_context,It,Yes,It,It,No,It,It,It,No,It,Yes,It,No,It,It,Yes,It,No,Yes,It
8,offense_will_not_recur,No,No,No,No,No,No,No,No,No,No,No,No,No,No,No,No,No,No,No,No
8,offense_will_recur,No,No,No,Yes,No,No,No,Yes,No,No,Yes,Yes,Yes,Yes,It,No,Yes,Yes,No,Yes
8,offense_will_recur_despite_punishment,Yes,Yes,Yes,No,Yes,Yes,Yes,Yes,Yes,No,Yes,Yes,Yes,Yes,Yes,Yes,Yes,Yes,Yes,Yes
8,others_ambivalent,Cannot,Cannot,Cannot,Cannot,Cannot,Cannot,Cannot,No,Cannot,Cannot,Cannot,Cannot,The,Cannot,Cannot,Cannot,It,Cannot,Cannot,Cannot
8,others_do_not_want_punishment,No,No,No,No,No,No,No,No,No,No,No,No,No,No,No,No,No,No,No,No
8,others_want_punishment,No,Cannot,Cannot,Cannot,Cannot,Cannot,Cannot,Cannot,No,No,Cannot,It,Cannot,Cannot,Cannot,Cannot,Cannot,Cannot,Cannot,Cannot
8,others_will_not_punish,No,No,No,No,Cannot,No,No,No,No,No,No,Cannot,No,No,No,No,No,No,No,No
8,others_will_punish,Yes,Yes,Yes,Yes,Yes,Yes,Yes,Yes,Yes,Yes,Yes,Yes,Yes,Yes,Yes,Yes,Yes,Yes,Yes,Yes
8,reputation_decrease,Cannot,Cannot,Cannot,Cannot,Cannot,Cannot,Cannot,Cannot,Cannot,Cannot,Cannot,No,Cannot,Cannot,Cannot,Cannot,Cannot,Cannot,Cannot,Cannot
8,reputation_improve,Cannot,No,Cannot,Cannot,Cannot,Cannot,The,Cannot,Cannot,It,Cannot,No,Cannot,No,Cannot,Cannot,Cannot,Cannot,It,Cannot
8,reputation_same,Yes,Yes,It,Yes,Cannot,Cannot,Cannot,It,Yes,Yes,Yes,Cannot,Yes,It,No,Yes,Yes,Yes,No,It
8,retaliation_expected,No,No,No,It,No,No,Cannot,No,No,No,No,No,No,No,Yes,No,No,No,No,No
8,retaliation_not_expected,Yes,Yes,Yes,Yes,Yes,Yes,Yes,Yes,Yes,Yes,Yes,Yes,Yes,Yes,Yes,Yes,Yes,Yes,Yes,Yes
8,target_has_high_status,No,No,Cannot,No,No,No,No,No,No,No,No,No,No,No,No,No,No,No,No,No
8,target_has_low_status,No,No,No,No,No,No,No,No,No,No,No,No,No,No,No,No,Yes,No,No,No
8,target_has_supporters,No,No,No,Cannot,No,No,No,No,Cannot,No,No,No,Cannot,No,Cannot,Cannot,No,No,No,No
8,target_no_supporters,Yes,Yes,It,No,No,No,Yes,Yes,Yes,No,It,Yes,Yes,No,It,Yes,No,There,Cannot,Yes
8,tit_for_tat,Yes,Yes,Yes,Yes,Yes,Yes,Yes,Yes,No,Yes,Yes,Yes,Yes,Yes,Yes,Yes,Yes,Yes,Yes,Yes
9,cost_10,Yes,Yes,Yes,Yes,Yes,Yes,No,Yes,Yes,Yes,Yes,Yes,Yes,Yes,Yes,Yes,Yes,Yes,Yes,Yes
9,cost_10000,No,No,No,No,No,No,No,No,No,No,No,No,No,No,No,Cannot,No,No,No,No
9,deter_impossible,No,No,No,No,No,No,No,No,No,No,No,No,No,No,No,No,No,No,No,No
9,deter_others_impossible,No,No,No,No,No,No,No,No,No,No,No,No,No,No,No,No,No,No,No,No
9,deter_others_possible,Yes,Yes,Yes,Yes,Yes,Yes,Yes,Yes,Yes,Yes,Yes,Yes,Yes,Yes,Yes,Yes,Yes,Yes,Yes,Yes
9,deter_possible,Yes,Yes,Yes,Yes,Yes,Yes,Yes,Yes,Yes,Yes,Yes,Yes,Yes,Yes,Yes,Yes,Yes,Yes,Yes,Yes
9,grim_trigger,No,No,No,No,No,No,No,No,No,Yes,No,No,No,No,No,No,No,No,No,No
9,interaction_continuous,Yes,Yes,Yes,Yes,Yes,Yes,Yes,Yes,Yes,Yes,Yes,Yes,Yes,Yes,Yes,Yes,Yes,Yes,Yes,Yes
9,interaction_not_continuous,Yes,Yes,Yes,Yes,Yes,Yes,Yes,Yes,Yes,Yes,Yes,Yes,Yes,Yes,Yes,Yes,Yes,Yes,Yes,Yes
9,legal_implications,No,No,Cannot,No,No,No,No,No,No,No,No,No,No,No,No,No,No,Cannot,Cannot,No
9,legal_implications_none,Cannot,Cannot,Cannot,Cannot,Cannot,Cannot,Cannot,Cannot,Cannot,Cannot,Cannot,Unknown,Cannot,Cannot,Cannot,Cannot,Cannot,Cannot,Cannot,Cannot
9,no_context,Yes,Yes,Yes,Yes,Yes,Yes,Yes,Yes,Yes,Yes,Yes,Yes,Yes,Yes,Yes,Yes,Yes,Yes,Yes,Cannot
9,offense_will_not_recur,Cannot,No,It,It,Cannot,No,Cannot,Cannot,Cannot,Cannot,No,It,It,It,No,No,It,Yes,No,It
9,offense_will_recur,Yes,Yes,Yes,Yes,Yes,Yes,Yes,Yes,Yes,Yes,Yes,Yes,Yes,Yes,Yes,Yes,Yes,Yes,Yes,Yes
9,offense_will_recur_despite_punishment,Yes,Yes,Yes,Yes,Yes,Yes,Yes,No,Yes,Yes,No,Yes,Yes,Yes,Yes,Yes,No,Yes,Yes,Yes
9,others_ambivalent,Cannot,Cannot,Cannot,Cannot,Cannot,The,Cannot,Cannot,Cannot,Cannot,Cannot,Cannot,Cannot,Cannot,Cannot,Cannot,Cannot,Cannot,Yes,Cannot
9,others_do_not_want_punishment,No,No,No,No,No,No,No,No,No,No,No,No,No,No,No,No,No,No,No,No
9,others_want_punishment,Cannot,Yes,Yes,Cannot,Cannot,Cannot,Yes,Cannot,Yes,Cannot,It,Cannot,Cannot,Cannot,Cannot,Yes,Cannot,Cannot,Cannot,Cannot
9,others_will_not_punish,Cannot,Cannot,Cannot,Cannot,Cannot,Cannot,Cannot,Cannot,Cannot,Cannot,Cannot,Cannot,Cannot,Cannot,Cannot,Cannot,Cannot,Cannot,Cannot,Cannot
9,others_will_punish,Yes,Yes,Yes,Yes,Yes,Yes,Yes,Yes,Cannot,Cannot,Yes,Yes,Yes,Yes,Yes,Yes,Yes,Yes,No,Yes
9,reputation_decrease,No,No,No,No,No,No,No,No,No,No,No,No,No,No,No,No,No,No,No,No
9,reputation_improve,No,Yes,Yes,Yes,Yes,Yes,Yes,Yes,Cannot,Yes,It,Yes,It,Cannot,Yes,Yes,Yes,Yes,Yes,It
9,reputation_same,Yes,Yes,Yes,Yes,Yes,Yes,No,Yes,Yes,Yes,No,Yes,Yes,Yes,Yes,Yes,Yes,Yes,Yes,It
9,retaliation_expected,No,Cannot,No,No,Cannot,No,No,No,No,No,No,No,No,No,No,No,No,No,No,No
9,retaliation_not_expected,Yes,Yes,Yes,Yes,Yes,Yes,Yes,Yes,Yes,Yes,Yes,Yes,Yes,Yes,Yes,Yes,Yes,Yes,Yes,Yes
9,target_has_high_status,No,No,No,No,No,No,No,No,No,No,No,No,No,No,No,No,No,No,No,No
9,target_has_low_status,No,Yes,No,No,Yes,No,Yes,No,Yes,No,Yes,Yes,No,No,No,Yes,No,It,Yes,No
9,target_has_supporters,Yes,Yes,Cannot,Cannot,Yes,Cannot,Yes,No,Cannot,Cannot,Cannot,Yes,Yes,Yes,Cannot,Cannot,Cannot,Yes,Cannot,Yes
9,target_no_supporters,Yes,Yes,Yes,Yes,Yes,Yes,Yes,Yes,Yes,Yes,Yes,Yes,Yes,Yes,Yes,Yes,Yes,Yes,Yes,Yes
9,tit_for_tat,Yes,Yes,Yes,Yes,Yes,Yes,Yes,Yes,Yes,Yes,Yes,Yes,Yes,Yes,Yes,Yes,Yes,Yes,Yes,Yes
10,cost_10,Yes,Yes,Yes,Yes,Yes,Yes,Yes,Yes,Yes,Yes,Yes,Yes,Yes,Yes,Yes,Yes,Yes,Yes,Yes,Yes
10,cost_10000,No,No,No,No,No,No,No,No,Cannot,No,No,No,Cannot,No,No,No,No,No,Cannot,No
10,deter_impossible,Yes,Yes,No,No,No,Yes,Yes,Yes,Yes,Yes,Yes,Yes,Yes,Yes,Yes,Yes,Yes,Yes,Yes,Yes
10,deter_others_impossible,No,No,No,No,No,No,No,No,No,No,No,No,No,No,No,No,No,No,No,No
10,deter_others_possible,Yes,Yes,Yes,Yes,Yes,Yes,Yes,Yes,Yes,Yes,Yes,Yes,Yes,Yes,Yes,Yes,Yes,Yes,Yes,Yes
10,deter_possible,Yes,Yes,Yes,Yes,Yes,Yes,Yes,Yes,Yes,Yes,Yes,Yes,Yes,Yes,Yes,Yes,Yes,Yes,Yes,Yes
10,grim_trigger,Yes,Yes,Yes,No,Yes,Yes,Yes,Yes,Yes,Yes,Yes,Yes,No,Yes,No,Yes,Yes,Yes,Yes,Yes
10,interaction_continuous,Yes,Yes,Yes,Yes,Yes,Yes,Yes,Yes,Yes,Yes,Yes,Yes,Yes,Yes,Yes,Yes,Yes,Yes,Yes,Yes
10,interaction_not_continuous,Yes,Yes,Yes,Yes,Yes,Yes,Yes,Yes,Yes,Yes,Yes,Yes,Yes,Yes,Yes,Yes,Yes,Yes,Yes,Yes
10,legal_implications,No,No,No,No,No,No,No,No,No,No,No,No,No,No,No,No,No,No,No,No
10,legal_implications_none,Yes,Yes,Yes,Yes,Yes,Yes,Yes,Yes,Yes,Yes,Yes,Yes,Yes,Yes,Yes,Yes,Yes,Yes,Yes,Yes
10,no_context,Yes,Yes,Yes,Yes,Yes,Yes,Yes,Yes,Yes,Yes,Yes,Yes,Yes,Yes,Yes,Yes,Yes,Yes,Yes,Yes
10,offense_will_not_recur,Yes,Yes,Yes,Yes,Yes,Yes,Yes,Yes,Yes,Yes,Yes,Yes,Yes,Yes,Yes,Yes,Yes,Yes,Yes,Yes
10,offense_will_recur,Yes,Yes,Yes,Yes,Yes,Yes,Yes,Yes,Yes,Yes,Yes,Yes,Yes,Yes,Yes,Yes,Yes,Yes,Yes,Yes
10,offense_will_recur_despite_punishment,Yes,Yes,Yes,Yes,Yes,Yes,Yes,Yes,Yes,Yes,Yes,Yes,Yes,Yes,Yes,Yes,Yes,Yes,No,Yes
10,others_ambivalent,Yes,Yes,Yes,Yes,Yes,Yes,Yes,Yes,Yes,Yes,Yes,Yes,Yes,Yes,Yes,Yes,Yes,Yes,Yes,Yes
10,others_do_not_want_punishment,Cannot,Yes,Cannot,Cannot,Cannot,Cannot,Cannot,Yes,Cannot,Cannot,Cannot,It,Cannot,Cannot,Yes,Yes,Cannot,Cannot,Cannot,Cannot
10,others_want_punishment,Yes,Yes,Yes,Yes,Yes,Yes,Yes,Yes,Yes,Yes,Yes,Yes,Yes,Yes,Yes,Yes,Yes,Yes,Yes,Yes
10,others_will_not_punish,Yes,Yes,Yes,Yes,Yes,Yes,Yes,Yes,Yes,Yes,Yes,Yes,Yes,Yes,Yes,Yes,Yes,Yes,Yes,Yes
10,others_will_punish,Yes,Yes,Yes,Yes,Yes,Yes,Yes,Yes,Yes,Yes,Yes,Yes,Yes,Yes,Yes,Yes,Yes,Yes,Yes,Yes
10,reputation_decrease,No,No,No,No,No,No,No,No,No,No,No,No,No,No,No,No,No,No,No,No
10,reputation_improve,Yes,Yes,Yes,Yes,Yes,Yes,Yes,Yes,Yes,Yes,Yes,Yes,Yes,Yes,Yes,Yes,Yes,Yes,Yes,Yes
10,reputation_same,Yes,Yes,Yes,Yes,Yes,Yes,Yes,Yes,Yes,Yes,Yes,Yes,Yes,Yes,Yes,Yes,Yes,Yes,Yes,Yes
10,retaliation_expected,Yes,Yes,No,No,No,No,Yes,Yes,No,No,No,Yes,No,No,Yes,Yes,Yes,Yes,No,Yes
10,retaliation_not_expected,Yes,Yes,Yes,Yes,Yes,Yes,Yes,Yes,Yes,Yes,Yes,Yes,Yes,Yes,Yes,Yes,Yes,Yes,Yes,Yes
10,target_has_high_status,Yes,Yes,Yes,Yes,Yes,Yes,Yes,Yes,Yes,Yes,Yes,Yes,No,Yes,Yes,Yes,Yes,Yes,Yes,Yes
10,target_has_low_status,Yes,Yes,Yes,Yes,Yes,Yes,Yes,Yes,Yes,Yes,Yes,Yes,Yes,Yes,Yes,Yes,Yes,Yes,Yes,Yes
10,target_has_supporters,Yes,Yes,Yes,Yes,Yes,Yes,Yes,Yes,Yes,Yes,Yes,Yes,Yes,Yes,Yes,Yes,Yes,Yes,Yes,Yes
10,target_no_supporters,Yes,Yes,Yes,Yes,Yes,Yes,Yes,Yes,Yes,Yes,Yes,Yes,Yes,Yes,Yes,Yes,Yes,Yes,Yes,Yes
10,tit_for_tat,Yes,Yes,Yes,Yes,Yes,Yes,Yes,Yes,Yes,Yes,Yes,Yes,Yes,Yes,Yes,Yes,Yes,Yes,Yes,Yes
11,cost_10,No,Yes,Yes,No,Yes,Yes,Yes,No,No,Yes,Yes,No,No,Yes,No,Yes,No,No,Yes,Yes
11,cost_10000,No,No,No,No,No,No,No,No,No,No,No,No,No,Cannot,No,No,No,No,No,No
11,deter_impossible,No,No,No,No,No,No,No,No,No,No,No,No,No,No,No,No,No,No,No,No
11,deter_others_impossible,No,No,No,No,No,No,No,No,No,No,No,No,No,No,No,No,No,No,No,No
11,deter_others_possible,Yes,Yes,Yes,Yes,Yes,No,Yes,Yes,No,Yes,No,Yes,Yes,Yes,Yes,Yes,Yes,Yes,No,Yes
11,deter_possible,Cannot,It,No,Yes,Cannot,No,Yes,No,Yes,It,There,It,Cannot,Yes,No,Yes,No,Cannot,Yes,No
11,grim_trigger,No,No,No,No,No,No,No,No,No,No,No,No,No,No,No,No,No,No,No,No
11,interaction_continuous,No,No,No,No,No,No,No,Cannot,No,No,No,No,No,No,No,No,Cannot,No,No,No
11,interaction_not_continuous,No,No,No,No,No,No,No,No,No,No,No,No,No,No,No,No,No,No,No,No
11,legal_implications,No,No,No,No,No,No,No,No,No,No,No,No,No,No,No,No,No,No,No,No
11,legal_implications_none,Cannot,Cannot,Cannot,Cannot,Cannot,Cannot,Cannot,Cannot,I,Cannot,Cannot,Cannot,Cannot,Cannot,Cannot,Cannot,Cannot,Cannot,Cannot,Cannot
11,no_context,No,No,No,No,No,No,No,No,No,No,No,No,No,No,No,No,No,No,No,No
11,offense_will_not_recur,No,No,No,No,No,The,No,No,No,Cannot,It,No,Cannot,Cannot,No,Cannot,Cannot,Cannot,No,The
11,offense_will_recur,No,No,The,No,Cannot,The,The,No,No,Cannot,No,No,It,The,No,The,No,The,The,No
11,offense_will_recur_despite_punishment,No,No,Cannot,No,No,No,No,No,No,No,No,No,No,No,No,No,No,No,No,No
11,others_ambivalent,Cannot,Cannot,Yes,Yes,Yes,No,Cannot,Yes,Cannot,Yes,Yes,Cannot,Cannot,Cannot,Yes,Cannot,Cannot,Cannot,Cannot,Yes
11,others_do_not_want_punishment,No,No,No,No,No,No,No,No,No,No,No,No,No,No,No,No,No,No,No,No
11,others_want_punishment,Cannot,Cannot,Cannot,The,Cannot,Cannot,Cannot,Cannot,Cannot,Cannot,The,Cannot,The,Cannot,Cannot,Cannot,Cannot,Cannot,Cannot,Cannot
11,others_will_not_punish,The,Cannot,Cannot,Cannot,Cannot,Cannot,Cannot,It,Cannot,Cannot,No,No,Cannot,Cannot,Cannot,Cannot,No,Cannot,No,Cannot
11,others_will_punish,No,No,No,No,No,Yes,No,Yes,No,Yes,Yes,No,No,No,No,No,Yes,No,Yes,Yes
11,reputation_decrease,No,No,No,No,No,No,No,No,No,No,No,No,No,No,No,No,No,No,No,No
11,reputation_improve,Yes,Yes,No,Cannot,No,Cannot,Cannot,Yes,No,No,No,Cannot,No,No,No,No,No,Yes,No,No
11,reputation_same,No,No,No,No,No,No,No,Cannot,No,Cannot,No,Cannot,No,No,No,Cannot,No,No,No,There
11,retaliation_expected,No,No,No,No,No,No,No,No,No,No,No,No,No,No,No,Cannot,No,No,No,No
11,retaliation_not_expected,Yes,Yes,Yes,Yes,Yes,Yes,No,Yes,Yes,Yes,Yes,Yes,Yes,Yes,Yes,Yes,Yes,Yes,Yes,Yes
11,target_has_high_status,No,No,No,No,No,No,No,No,No,No,No,No,No,No,No,No,No,No,No,No
11,target_has_low_status,No,No,No,No,No,No,No,No,No,No,No,No,No,No,No,No,No,No,No,No
11,target_has_supporters,No,No,No,No,No,No,No,No,No,No,No,No,No,No,No,No,No,No,No,No
11,target_no_supporters,No,No,No,No,No,No,No,No,No,No,No,No,No,No,No,No,No,No,No,No
11,tit_for_tat,Yes,Yes,Yes,Yes,Yes,Yes,Yes,Yes,Yes,Yes,Yes,Yes,Yes,Yes,No,Yes,Yes,No,Yes,Yes
12,cost_10,Yes,Yes,Yes,Yes,Yes,Yes,Yes,Yes,Yes,Yes,Yes,Yes,Yes,Yes,Yes,Yes,Yes,Yes,Yes,Yes
12,cost_10000,Yes,Yes,No,Yes,No,No,Yes,No,Yes,Yes,Yes,No,Yes,Yes,Yes,Yes,Yes,No,Yes,No
12,deter_impossible,Yes,Yes,Yes,Yes,Yes,Yes,Yes,Yes,Yes,Yes,Yes,Yes,Yes,Yes,Yes,Yes,Yes,Yes,Yes,Yes
12,deter_others_impossible,Yes,No,Yes,Yes,No,Yes,Yes,Yes,No,Yes,Yes,No,Yes,Yes,Yes,Yes,No,Yes,Yes,Yes
12,deter_others_possible,Yes,Yes,Yes,Yes,Yes,Yes,Yes,Yes,Yes,Yes,Yes,Yes,Yes,Yes,Yes,Yes,Yes,Yes,Yes,Yes
12,deter_possible,Yes,Yes,Yes,Yes,Yes,Yes,Yes,Yes,Yes,Yes,Yes,Yes,Yes,Yes,Yes,Yes,Yes,Yes,Yes,Yes
12,grim_trigger,No,No,No,Yes,No,No,No,No,Yes,No,No,No,Yes,No,No,Yes,No,Yes,Yes,Yes
12,interaction_continuous,Yes,Yes,Yes,Yes,Yes,Yes,Yes,Yes,Yes,Yes,Yes,Yes,Yes,Yes,Yes,Yes,Yes,Yes,Yes,Yes
12,interaction_not_continuous,Yes,Yes,Yes,Yes,Yes,Yes,Yes,Yes,Yes,Yes,Yes,Yes,Yes,Yes,Yes,Yes,Yes,Yes,Yes,Yes
12,legal_implications,No,No,No,No,No,No,No,No,No,No,No,No,No,No,No,No,No,No,No,No
12,legal_implications_none,Yes,Yes,Yes,Yes,Yes,Yes,Yes,Yes,Yes,Yes,Yes,Yes,Yes,Yes,Yes,Yes,Yes,Yes,Yes,Yes
12,no_context,Yes,Yes,Yes,Yes,Yes,Yes,Yes,Yes,Yes,Yes,Yes,Yes,Yes,Yes,Yes,Yes,Yes,Yes,Yes,Yes
12,offense_will_not_recur,Yes,Yes,Yes,Yes,Yes,Yes,Yes,Yes,Yes,Yes,Yes,Yes,Yes,Yes,Yes,Yes,Yes,Yes,Yes,Yes
12,offense_will_recur,Yes,Yes,Yes,Yes,Yes,Yes,Yes,Yes,Yes,Yes,Yes,Yes,Yes,Yes,Yes,Yes,Yes,Yes,Yes,Yes
12,offense_will_recur_despite_punishment,Yes,Yes,Yes,Yes,Yes,Yes,Yes,Yes,Yes,Yes,Yes,Yes,Yes,Yes,Yes,Yes,Yes,Yes,Yes,Yes
12,others_ambivalent,Yes,Yes,Yes,Yes,Yes,Yes,Yes,Yes,Yes,Yes,Yes,Yes,Yes,Yes,Yes,Yes,Yes,Yes,Yes,Yes
12,others_do_not_want_punishment,Yes,Yes,Yes,Yes,Yes,Yes,Yes,Yes,Yes,Yes,Yes,Yes,Yes,Yes,Yes,Yes,Yes,Yes,Yes,Yes
12,others_want_punishment,Yes,Yes,Yes,Yes,Yes,Yes,Yes,Yes,Yes,Yes,Yes,Yes,Yes,Yes,Yes,Yes,Yes,Yes,Yes,Yes
12,others_will_not_punish,Yes,Yes,Yes,Yes,Yes,Yes,Yes,Yes,Yes,Yes,Yes,Yes,Yes,Yes,Yes,Yes,Yes,Yes,Yes,Yes
12,others_will_punish,Yes,Yes,Yes,Yes,Yes,Yes,Yes,Yes,Yes,Yes,Yes,Yes,Yes,Yes,Yes,Yes,Yes,Yes,Yes,Yes
12,reputation_decrease,No,No,No,No,No,No,No,No,No,No,No,No,No,No,No,No,No,No,No,No
12,reputation_improve,Yes,Yes,Yes,Yes,Yes,Yes,Yes,Yes,Yes,Yes,Yes,Yes,Yes,Yes,Yes,Yes,Yes,Yes,Yes,Yes
12,reputation_same,Yes,Yes,Yes,Yes,Yes,Yes,Yes,Yes,Yes,Yes,Yes,Yes,Yes,Yes,Yes,Yes,Yes,Yes,Yes,Yes
12,retaliation_expected,No,No,No,No,Yes,No,Yes,No,No,No,Yes,No,No,No,Yes,No,No,No,No,No
12,retaliation_not_expected,Yes,Yes,Yes,Yes,Yes,Yes,Yes,Yes,Yes,Yes,Yes,Yes,Yes,Yes,Yes,Yes,Yes,Yes,Yes,Yes
12,target_has_high_status,Yes,Yes,Yes,Yes,Yes,Yes,Yes,Yes,Yes,Yes,Yes,Yes,Yes,Yes,Yes,Yes,Yes,Yes,Yes,Yes
12,target_has_low_status,Yes,Yes,Yes,Yes,Yes,Yes,Yes,Yes,Yes,Yes,Yes,Yes,Yes,Yes,Yes,Yes,Yes,Yes,Yes,Yes
12,target_has_supporters,Yes,Yes,Yes,Yes,Yes,Yes,Yes,Yes,Yes,Yes,Yes,Yes,Yes,Yes,Yes,Yes,Yes,Yes,Yes,Yes
12,target_no_supporters,Yes,Yes,Yes,Yes,Yes,Yes,Yes,Yes,Yes,Yes,Yes,Yes,Yes,Yes,Yes,Yes,Yes,Yes,Yes,Yes
12,tit_for_tat,Yes,Yes,Yes,Yes,Yes,Yes,Yes,Yes,Yes,Yes,Yes,Yes,Yes,Yes,Yes,Yes,Yes,Yes,Yes,Yes
13,cost_10,Yes,Yes,Yes,Yes,Yes,Yes,Yes,Yes,Yes,No,Yes,Yes,Yes,Yes,Yes,Yes,Yes,Yes,Yes,Yes
13,cost_10000,No,No,No,No,No,No,No,No,No,No,No,No,No,No,No,No,No,No,No,No
13,deter_impossible,No,No,No,No,No,No,No,No,No,No,No,No,No,No,No,No,No,No,No,No
13,deter_others_impossible,No,No,No,No,No,No,No,No,No,No,No,No,No,No,No,No,No,No,No,No
13,deter_others_possible,Cannot,No,No,No,No,No,No,No,No,No,No,No,No,No,No,No,No,No,No,No
13,deter_possible,Cannot,No,No,Cannot,No,No,No,No,No,No,No,Cannot,No,No,No,No,No,No,No,Cannot
13,grim_trigger,No,No,No,No,No,No,No,No,No,No,No,No,No,No,No,No,No,No,No,No
13,interaction_continuous,No,No,No,No,No,No,No,No,No,No,No,No,No,No,No,No,No,No,No,No
13,interaction_not_continuous,No,No,No,No,No,No,No,No,No,No,No,No,No,No,No,No,No,No,No,No
13,legal_implications,No,No,No,No,No,No,No,No,No,No,No,No,No,No,No,No,No,No,No,No
13,legal_implications_none,Cannot,Cannot,The,Cannot,Cannot,Cannot,Cannot,Cannot,Cannot,Cannot,Cannot,Cannot,Cannot,Cannot,Cannot,No,Cannot,Cannot,Cannot,Cannot
13,no_context,No,No,No,No,No,No,No,No,No,No,No,No,No,No,No,No,No,No,No,No
13,offense_will_not_recur,No,No,No,No,No,No,No,No,No,No,No,No,No,No,No,No,No,No,No,No
13,offense_will_recur,Yes,Yes,No,No,Yes,No,Yes,No,Yes,No,No,Yes,Yes,Yes,No,No,No,No,Yes,Yes
13,offense_will_recur_despite_punishment,No,No,No,No,No,No,No,No,No,No,No,No,No,No,No,No,No,No,No,No
13,others_ambivalent,Cannot,Cannot,Cannot,Cannot,It,Yes,Cannot,Cannot,Cannot,Cannot,Cannot,Yes,The,Cannot,Cannot,It,Yes,The,The,Cannot
13,others_do_not_want_punishment,No,Cannot,No,No,No,No,No,No,No,No,No,No,No,No,No,No,No,Cannot,No,No
13,others_want_punishment,The,Cannot,The,Cannot,The,The,The,Cannot,The,Cannot,Cannot,The,Cannot,Cannot,The,Cannot,Cannot,Cannot,The,The
13,others_will_not_punish,It,Cannot,Cannot,No,Cannot,Cannot,Yes,Cannot,Cannot,Cannot,Cannot,Cannot,Cannot,Cannot,Cannot,Cannot,Cannot,Yes,Cannot,Cannot
13,others_will_punish,Yes,Yes,Yes,Yes,Yes,Yes,Yes,Yes,Yes,Yes,Yes,Yes,Yes,Yes,Yes,Yes,Yes,Yes,Yes,Yes
13,reputation_decrease,No,No,No,No,No,No,No,No,No,No,No,No,No,No,No,No,No,No,No,No
13,reputation_improve,Cannot,Cannot,Cannot,Cannot,Cannot,It,Cannot,Cannot,Yes,It,Yes,Yes,Cannot,Cannot,Cannot,Cannot,Cannot,Cannot,Cannot,Yes
13,reputation_same,Cannot,Cannot,Cannot,Cannot,Cannot,Cannot,Cannot,Cannot,Cannot,Cannot,Cannot,Cannot,Cannot,Cannot,Cannot,Cannot,Cannot,Cannot,Cannot,Cannot
13,retaliation_expected,No,No,No,No,No,No,No,No,No,No,No,No,No,No,No,No,No,No,No,No
13,retaliation_not_expected,No,No,No,No,No,The,No,Cannot,Cannot,The,The,No,No,No,No,No,Cannot,No,Cannot,Cannot
13,target_has_high_status,No,No,No,No,No,No,No,No,No,No,No,No,No,No,No,No,No,No,No,No
13,target_has_low_status,No,No,No,No,No,No,No,No,No,No,No,No,No,No,No,No,No,No,No,No
13,target_has_supporters,No,No,Cannot,No,No,Cannot,No,Cannot,No,Cannot,No,Cannot,No,Cannot,The,Cannot,No,No,No,Cannot
13,target_no_supporters,No,No,No,No,No,No,No,No,No,No,No,No,No,No,No,No,No,No,No,No
13,tit_for_tat,No,No,No,No,No,No,No,No,No,No,No,No,No,No,No,No,No,No,No,No
14,cost_10,No,No,No,No,No,No,No,No,No,No,No,No,No,No,No,No,No,No,No,No
14,cost_10000,No,No,No,No,No,No,No,No,No,No,No,No,No,No,No,No,No,No,No,No
14,deter_impossible,No,No,No,No,No,No,No,No,No,No,No,No,No,No,No,No,No,No,No,No
14,deter_others_impossible,No,No,No,No,No,No,No,No,No,No,No,No,No,No,No,No,No,No,No,No
14,deter_others_possible,Yes,No,No,No,No,Yes,No,Yes,Yes,No,Yes,No,No,Yes,No,No,Yes,No,No,Yes
14,deter_possible,Yes,Yes,Yes,Yes,Yes,Yes,Yes,Yes,Yes,No,No,Yes,Yes,Yes,Yes,Yes,Yes,Yes,Yes,Yes
14,grim_trigger,Yes,No,No,No,No,No,Yes,No,Yes,Yes,No,Yes,Yes,No,No,No,No,No,No,Yes
14,interaction_continuous,Yes,Yes,Yes,Yes,Yes,Yes,Yes,Yes,Yes,Yes,Yes,Yes,Yes,Yes,Yes,Yes,Yes,Yes,Yes,Yes
14,interaction_not_continuous,No,No,No,No,No,No,No,No,No,No,No,No,No,No,No,No,No,No,No,No
14,legal_implications,No,No,No,No,No,No,No,No,No,No,No,No,No,No,No,No,No,No,No,No
14,legal_implications_none,Cannot,Cannot,Cannot,Cannot,Cannot,Cannot,Cannot,Cannot,Cannot,Cannot,Cannot,Cannot,Cannot,Cannot,Cannot,Cannot,Cannot,Cannot,Cannot,Cannot
14,no_context,Yes,Yes,Cannot,Cannot,Cannot,No,Yes,Yes,No,Cannot,Yes,No,No,No,No,Yes,Cannot,No,Cannot,Cannot
14,offense_will_not_recur,No,No,No,No,No,No,No,No,No,No,No,No,No,No,No,No,No,No,No,No
14,offense_will_recur,Yes,Yes,Yes,Yes,No,Yes,Yes,No,Yes,Yes,Yes,Yes,No,Yes,Yes,Yes,Yes,Yes,Yes,Yes
14,offense_will_recur_despite_punishment,Yes,Yes,Yes,Yes,Yes,Yes,Yes,Yes,Yes,Yes,Yes,Yes,Yes,Yes,Yes,Yes,Yes,Yes,Yes,Yes
14,others_ambivalent,Yes,Yes,Yes,Yes,Yes,Yes,Yes,Yes,Yes,Yes,Yes,Yes,Yes,Yes,Yes,Yes,Yes,Yes,Yes,Yes
14,others_do_not_want_punishment,No,No,No,No,No,No,No,No,No,No,No,No,No,No,No,No,No,No,No,No
14,others_want_punishment,Yes,Yes,Yes,Yes,Yes,Yes,Yes,Yes,Yes,Yes,Yes,Yes,Yes,Yes,Yes,Yes,Yes,Yes,Yes,Yes
14,others_will_not_punish,No,Cannot,Cannot,Cannot,Cannot,Cannot,Cannot,Cannot,Cannot,Cannot,Cannot,Cannot,Cannot,Cannot,No,Cannot,Cannot,Cannot,Cannot,Cannot
14,others_will_punish,Yes,Yes,Yes,Yes,Yes,Yes,Yes,Yes,Yes,Yes,Yes,Yes,Yes,Yes,Yes,Yes,Yes,Yes,Yes,Yes
14,reputation_decrease,No,No,No,No,No,No,No,No,No,No,No,No,No,No,No,No,No,No,No,No
14,reputation_improve,Yes,Yes,Yes,Yes,Yes,Yes,Yes,Yes,Yes,Yes,Yes,Yes,Yes,Yes,Yes,Yes,Yes,Yes,Yes,Yes
14,reputation_same,Yes,Yes,Yes,Yes,Yes,Yes,Yes,Yes,Yes,Yes,Yes,Yes,Yes,Yes,Yes,Yes,Yes,Yes,Yes,Yes
14,retaliation_expected,Yes,Yes,Yes,Yes,Yes,Yes,Yes,No,Yes,Yes,Yes,Yes,Yes,No,Yes,Yes,Yes,No,Yes,Yes
14,retaliation_not_expected,No,No,No,No,No,No,No,No,No,No,No,No,No,No,No,No,No,No,No,No
14,target_has_high_status,Yes,Yes,Yes,Yes,Yes,Yes,Yes,Yes,No,Yes,Yes,Yes,Yes,Yes,Yes,Yes,Yes,Yes,Yes,Yes
14,target_has_low_status,Yes,Yes,Yes,Yes,Yes,Yes,Yes,Yes,Yes,No,Yes,Yes,Yes,Yes,Yes,Yes,Yes,Yes,Yes,Yes
14,target_has_supporters,Yes,Yes,Yes,Yes,Yes,Yes,Yes,Yes,Yes,Yes,Yes,Yes,Yes,Yes,Yes,Yes,Yes,Yes,Yes,Yes
14,target_no_supporters,Yes,Yes,Yes,Yes,Yes,Yes,Yes,Yes,Yes,Yes,Yes,Yes,Yes,Yes,Yes,Yes,Yes,Yes,Yes,Yes
14,tit_for_tat,Yes,Yes,Yes,Yes,Yes,Yes,Yes,Yes,Yes,Yes,Yes,Yes,Yes,Yes,Yes,Yes,Yes,Yes,Yes,Yes
15,cost_10,Yes,Yes,Yes,Yes,Yes,Yes,Yes,Yes,Yes,Yes,Yes,Yes,Yes,Yes,Yes,Yes,Yes,Yes,Yes,Yes
15,cost_10000,No,No,No,No,No,No,No,No,No,No,No,No,No,No,No,No,No,No,No,No
15,deter_impossible,No,No,No,No,No,No,No,No,No,No,No,No,No,No,No,Yes,No,Yes,No,No
15,deter_others_impossible,No,No,No,No,No,No,No,No,No,No,No,No,No,No,No,No,No,No,No,No
15,deter_others_possible,Yes,No,Yes,Yes,Yes,Yes,Yes,Yes,Yes,Yes,Yes,Yes,Yes,Yes,Yes,Yes,Yes,Yes,Yes,Yes
15,deter_possible,Yes,Yes,Yes,Yes,Yes,Yes,Yes,Yes,Yes,Yes,Yes,Yes,Yes,Yes,Yes,Yes,Yes,Yes,Yes,Yes
15,grim_trigger,Yes,Yes,Yes,Yes,Yes,Yes,Yes,Yes,Yes,Yes,Yes,Yes,Yes,Yes,Yes,Yes,Yes,Yes,Yes,Yes
15,interaction_continuous,Yes,Yes,Yes,Yes,Yes,Yes,Yes,Yes,Yes,Yes,Yes,Yes,Yes,Yes,Yes,Yes,Yes,Yes,Yes,Yes
15,interaction_not_continuous,Yes,Yes,Yes,Yes,Yes,Yes,Yes,Yes,Yes,Yes,Yes,Yes,Yes,Yes,Yes,Yes,Yes,Yes,Yes,Yes
15,legal_implications,It,It,No,No,It,It,Yes,Not,It,No,No,No,There,Cannot,It,No,It,The,It,Yes
15,legal_implications_none,No,No,No,No,No,No,No,No,No,No,No,No,No,No,No,No,No,No,No,No
15,no_context,Yes,Yes,Yes,Yes,Yes,Yes,Yes,Yes,Yes,Yes,Yes,Yes,Yes,Yes,Yes,Yes,Yes,Yes,Yes,Yes
15,offense_will_not_recur,Yes,Yes,Yes,Yes,Yes,Yes,Yes,Yes,Yes,Yes,Yes,Yes,Yes,Yes,Yes,Yes,Yes,Yes,Yes,Yes
15,offense_will_recur,Yes,Yes,Yes,Yes,Yes,Yes,Yes,Yes,Yes,Yes,Yes,Yes,Yes,Yes,Yes,Yes,Yes,Yes,Yes,Yes
15,offense_will_recur_despite_punishment,No,No,No,No,No,No,No,No,No,No,No,No,No,No,No,No,No,No,No,No
15,others_ambivalent,Yes,Yes,Yes,Yes,Yes,Yes,Yes,Yes,Yes,Yes,Yes,Yes,Yes,Yes,Yes,Yes,Yes,Yes,Yes,Yes
15,others_do_not_want_punishment,No,No,No,Cannot,No,No,No,No,No,No,No,No,Yes,No,No,No,No,No,No,No
15,others_want_punishment,Yes,Yes,Yes,Yes,Yes,Yes,Yes,Yes,Yes,Yes,Yes,Yes,Yes,Yes,Yes,Yes,Yes,Yes,Yes,Yes
15,others_will_not_punish,No,No,No,Yes,No,No,No,No,No,Yes,No,No,Yes,Cannot,No,No,No,Cannot,No,No
15,others_will_punish,Yes,Yes,Yes,Yes,Yes,Yes,Yes,Yes,Yes,Yes,Yes,Yes,Yes,Yes,Yes,Yes,Yes,Yes,Yes,Yes
15,reputation_decrease,No,No,No,No,No,No,No,No,No,No,No,No,No,Cannot,No,No,No,No,No,No
15,reputation_improve,Yes,Yes,Yes,Yes,Yes,Yes,Yes,Yes,Yes,Yes,Yes,Yes,Yes,Yes,Yes,Yes,Yes,Yes,Yes,Yes
15,reputation_same,Yes,Yes,Yes,Yes,Yes,Yes,Yes,Yes,Yes,Yes,Yes,Yes,Yes,Yes,Yes,Yes,Yes,Yes,Yes,Yes
15,retaliation_expected,Yes,Yes,Yes,Yes,Yes,Yes,Yes,Yes,Yes,Yes,Yes,Yes,Yes,Yes,Yes,Yes,Yes,Yes,Yes,Yes
15,retaliation_not_expected,Yes,Yes,Yes,Yes,Yes,Yes,Yes,Yes,Yes,Yes,Yes,Yes,Yes,Yes,Yes,Yes,Yes,Yes,Yes,Yes
15,target_has_high_status,No,The,Cannot,Cannot,Cannot,Cannot,No,No,Cannot,No,No,Cannot,Yes,No,Yes,No,No,No,The,Cannot
15,target_has_low_status,Yes,No,Yes,Yes,Yes,Yes,Yes,Yes,Yes,Yes,Yes,Yes,Yes,Yes,Yes,No,No,Yes,Yes,Yes
15,target_has_supporters,Yes,Yes,Yes,Yes,Yes,Yes,Yes,Yes,Yes,Yes,Yes,Yes,Yes,Yes,Yes,Yes,Yes,No,Yes,Yes
15,target_no_supporters,Yes,Yes,Yes,Yes,Yes,Yes,Yes,Yes,Yes,Yes,Yes,Yes,Yes,Yes,Yes,Yes,Yes,Yes,Yes,Yes
15,tit_for_tat,Yes,Yes,Yes,Yes,Yes,Yes,Yes,Yes,Yes,Yes,Yes,Yes,Yes,Yes,Yes,Yes,Yes,Yes,Yes,Yes
16,cost_10,No,Yes,No,No,Yes,Yes,No,No,No,Yes,No,Yes,Yes,Yes,No,No,Yes,No,Yes,Yes
16,cost_10000,Cannot,No,No,No,No,No,No,No,No,No,No,No,No,No,No,No,No,No,No,No
16,deter_impossible,No,No,No,No,No,No,No,No,No,No,No,No,No,No,No,No,No,No,No,No
16,deter_others_impossible,No,No,No,No,No,No,No,No,No,No,No,No,No,No,No,No,No,No,No,No
16,deter_others_possible,Yes,Yes,Yes,Yes,Yes,Yes,Yes,Yes,Yes,Yes,Yes,Yes,Yes,Yes,Yes,Yes,Yes,Yes,Yes,Yes
16,deter_possible,Yes,Yes,Yes,Yes,Yes,Yes,Yes,Yes,Yes,Yes,Yes,Yes,Yes,Yes,Yes,Yes,Yes,Yes,Yes,Yes
16,grim_trigger,Yes,Yes,Yes,Yes,Yes,Yes,Yes,Yes,Yes,Yes,Yes,Yes,Yes,Yes,Yes,Yes,Yes,Yes,Yes,Yes
16,interaction_continuous,Yes,Yes,Yes,Yes,Yes,Yes,Yes,Yes,Yes,Yes,Yes,Yes,Yes,Yes,Yes,Yes,Yes,Yes,Yes,Yes
16,interaction_not_continuous,Yes,Yes,Yes,Yes,Yes,Yes,Yes,Yes,Yes,Yes,Yes,Yes,Yes,Yes,Yes,Yes,Yes,Yes,Yes,Yes
16,legal_implications,No,No,No,No,No,No,No,No,No,No,Cannot,No,No,No,Cannot,No,Cannot,No,No,No
16,legal_implications_none,Yes,Yes,Yes,It,Yes,Yes,Yes,Yes,Yes,Yes,Yes,Yes,Yes,Yes,Yes,Yes,Yes,Yes,Yes,Yes
16,no_context,Yes,Yes,Yes,Yes,Yes,Yes,Yes,Yes,Yes,Yes,Yes,Yes,Yes,Yes,Yes,Yes,Yes,Yes,Yes,Yes
16,offense_will_not_recur,No,No,No,No,No,No,No,No,No,No,No,No,No,No,No,No,No,No,No,No
16,offense_will_recur,Yes,Yes,No,Yes,No,Yes,Yes,Yes,Yes,Yes,Yes,Yes,Yes,No,Yes,Yes,Yes,Yes,Yes,Yes
16,offense_will_recur_despite_punishment,Yes,No,No,Yes,Yes,Yes,Yes,Yes,No,Yes,No,Yes,No,Yes,No,Yes,Yes,Yes,No,No
16,others_ambivalent,Yes,Yes,Yes,Yes,Yes,Yes,Yes,Yes,Yes,Yes,Yes,Yes,Yes,Yes,Yes,Yes,Yes,Yes,Yes,Yes
16,others_do_not_want_punishment,No,No,No,No,No,No,No,No,No,No,No,No,No,No,No,No,No,No,No,No
16,others_want_punishment,Yes,Yes,Yes,Yes,Yes,Yes,Yes,Yes,Yes,Yes,Yes,Yes,Yes,Yes,Yes,Yes,Yes,Yes,Yes,Yes
16,others_will_not_punish,Yes,Yes,Yes,Yes,Yes,Yes,Yes,Yes,Yes,Yes,Yes,Yes,Yes,Yes,Yes,No,Yes,Yes,Yes,Yes
16,others_will_punish,Yes,Yes,Yes,Yes,Yes,Yes,Yes,Yes,Yes,Yes,Yes,Yes,Yes,Yes,Yes,Yes,Yes,Yes,Yes,Yes
16,reputation_decrease,No,No,No,No,No,No,No,No,No,No,No,No,No,No,No,No,No,No,No,No
16,reputation_improve,Yes,Yes,Yes,Yes,Yes,Yes,Yes,Yes,Yes,Yes,Yes,Yes,Yes,Yes,Yes,Yes,Yes,Yes,Yes,Yes
16,reputation_same,Yes,Yes,Yes,Yes,Yes,Yes,Yes,Yes,Yes,Yes,Yes,Yes,Yes,Yes,Yes,Yes,Yes,Yes,Yes,Yes
16,retaliation_expected,Yes,Yes,Yes,Yes,Yes,Yes,Yes,Yes,Yes,Yes,Yes,Yes,Yes,Yes,Yes,Yes,Yes,Yes,Yes,Yes
16,retaliation_not_expected,Yes,Yes,No,Yes,No,Yes,Yes,No,Yes,Yes,It,Yes,Yes,Yes,Yes,Yes,No,Yes,No,Yes
16,target_has_high_status,Yes,Yes,Yes,Yes,Yes,Yes,Yes,Yes,It,Yes,Yes,No,Yes,Yes,Yes,Yes,Yes,Yes,Yes,Yes
16,target_has_low_status,Yes,Yes,Yes,Yes,Yes,Yes,Yes,Yes,Yes,Yes,Yes,Yes,Yes,No,Yes,Yes,Yes,Yes,Yes,Yes
16,target_has_supporters,Yes,Yes,Yes,Yes,Yes,Yes,Yes,Yes,Yes,Yes,Yes,Yes,Yes,Yes,Yes,Yes,Yes,Yes,Yes,Yes
16,target_no_supporters,Yes,Yes,Yes,Yes,Yes,Yes,Yes,Yes,Yes,Yes,Yes,Yes,Yes,Yes,Yes,Yes,Yes,Yes,Yes,Yes
16,tit_for_tat,Yes,Yes,Yes,Yes,Yes,Yes,Yes,Yes,Yes,Yes,Yes,Yes,Yes,Yes,Yes,Yes,Yes,Yes,Yes,Yes
17,cost_10,Yes,Yes,Yes,No,Yes,Yes,No,No,No,No,Yes,No,No,No,Yes,Yes,Yes,No,No,Yes
17,cost_10000,No,No,No,No,No,No,No,No,No,No,No,No,No,No,No,No,No,No,No,No
17,deter_impossible,No,No,No,No,No,No,No,No,No,No,No,No,No,No,No,No,No,No,No,No
17,deter_others_impossible,No,No,No,No,No,No,No,No,No,No,No,No,No,No,No,No,No,No,No,No
17,deter_others_possible,Yes,Yes,No,Yes,Yes,Yes,Yes,Yes,Yes,No,Yes,Yes,No,Yes,No,Yes,Yes,Yes,Yes,Yes
17,deter_possible,No,Yes,No,Yes,No,No,No,Yes,Yes,Yes,Yes,No,Yes,Yes,No,Yes,Yes,Yes,Yes,Yes
17,grim_trigger,No,No,No,No,No,No,No,No,No,No,No,No,No,No,No,No,No,No,No,No
17,interaction_continuous,No,No,No,No,No,No,No,No,No,No,No,No,Yes,No,No,No,No,No,No,No
17,interaction_not_continuous,No,Yes,Yes,No,No,Yes,No,No,No,Yes,No,Yes,Yes,Yes,Yes,Yes,Yes,Yes,No,No
17,legal_implications,No,No,No,No,No,No,No,No,No,No,No,No,No,No,No,No,No,No,No,No
17,legal_implications_none,No,No,Yes,No,Yes,No,No,Yes,No,No,No,No,No,No,No,Yes,No,No,Yes,No
17,no_context,Yes,Yes,Yes,Yes,Yes,Yes,Yes,Yes,Yes,Yes,Yes,Yes,Yes,Yes,Yes,Yes,Yes,Yes,Yes,Yes
17,offense_will_not_recur,Yes,Yes,Yes,Yes,Yes,Yes,Yes,Yes,Yes,Yes,Yes,Yes,Yes,Yes,Yes,Yes,Yes,Yes,Yes,Yes
17,offense_will_recur,No,No,No,No,No,Yes,Yes,No,No,No,No,No,No,Yes,No,No,No,No,No,No
17,offense_will_recur_despite_punishment,No,No,No,No,No,No,No,No,No,No,No,No,No,No,No,No,No,No,No,No
17,others_ambivalent,No,No,No,No,Yes,No,No,No,No,Yes,Yes,Yes,No,No,No,No,No,Yes,No,No
17,others_do_not_want_punishment,No,No,No,No,No,No,No,No,No,No,No,No,No,No,No,No,No,No,No,No
17,others_want_punishment,No,No,No,No,No,No,No,No,No,No,No,No,No,No,No,No,No,No,No,No
17,others_will_not_punish,No,No,No,No,No,No,No,No,No,No,No,No,No,No,No,No,No,No,No,No
17,others_will_punish,Yes,Yes,No,Yes,Yes,No,No,Yes,No,Yes,No,Yes,No,Yes,Yes,Yes,Yes,Yes,No,Yes
17,reputation_decrease,No,No,No,No,No,No,No,No,No,No,No,No,No,No,No,No,No,No,No,No
17,reputation_improve,Yes,No,Yes,Yes,No,No,Yes,No,Yes,No,Yes,Yes,No,Yes,Yes,Yes,No,Yes,No,No
17,reputation_same,Yes,No,Yes,No,Yes,No,No,No,No,No,No,No,No,No,No,Yes,No,Yes,No,No
17,retaliation_expected,No,No,No,No,No,No,No,No,No,No,No,No,No,No,No,No,No,No,No,No
17,retaliation_not_expected,Yes,Yes,Yes,Yes,Yes,No,Yes,Yes,No,Yes,Yes,Yes,Yes,No,No,No,Yes,No,Yes,Yes
17,target_has_high_status,No,No,No,No,No,No,No,No,No,No,No,No,No,No,No,No,No,No,No,No
17,target_has_low_status,Yes,No,No,No,No,No,No,No,No,No,No,No,No,No,No,No,No,No,No,No
17,target_has_supporters,No,No,No,No,No,No,No,No,No,No,No,No,No,No,No,No,No,No,No,No
17,target_no_supporters,No,No,No,No,No,No,Yes,No,No,Yes,No,No,No,Yes,No,No,Yes,Yes,No,No
17,tit_for_tat,Yes,No,No,No,No,No,No,No,No,No,No,Yes,No,No,No,No,Yes,No,Yes,Yes
18,cost_10,No,Yes,No,No,No,No,No,No,No,No,No,No,No,No,No,No,No,No,No,Yes
18,cost_10000,No,No,No,No,No,No,No,No,No,No,No,No,No,No,No,No,No,No,No,No
18,deter_impossible,No,No,No,No,No,No,No,No,No,No,No,No,No,No,No,No,No,No,No,No
18,deter_others_impossible,No,No,No,No,No,No,No,No,No,No,No,No,No,No,No,No,No,No,No,No
18,deter_others_possible,No,No,No,No,No,No,No,Yes,No,No,No,Yes,No,No,No,No,No,No,No,No
18,deter_possible,No,No,No,No,No,No,No,No,No,No,No,No,No,No,No,No,No,No,No,No
18,grim_trigger,No,No,No,No,No,No,No,No,No,No,No,No,No,No,No,No,No,No,No,No
18,interaction_continuous,No,No,No,No,No,No,No,No,No,No,No,No,Yes,No,No,No,No,No,No,Yes
18,interaction_not_continuous,Yes,Yes,Yes,Yes,No,No,Yes,Yes,Yes,Yes,Yes,Yes,Yes,Yes,Yes,No,No,Yes,Yes,Yes
18,legal_implications,No,No,Cannot,No,No,Cannot,No,No,No,No,No,No,No,No,No,Cannot,No,No,No,No
18,legal_implications_none,No,No,No,No,No,No,No,No,No,No,No,No,No,No,No,No,No,No,No,No
18,no_context,No,No,No,No,No,No,No,No,No,Yes,No,No,No,No,No,No,No,No,No,No
18,offense_will_not_recur,Yes,No,Yes,Yes,Yes,Yes,Yes,Yes,No,No,Yes,No,Yes,Yes,Yes,No,Yes,Yes,Yes,Yes
18,offense_will_recur,Yes,Yes,Yes,No,Yes,Yes,No,No,No,No,No,No,Yes,No,Yes,Yes,Yes,No,No,Yes
18,offense_will_recur_despite_punishment,No,No,No,No,No,No,No,No,No,No,No,No,No,No,No,No,No,No,No,No
18,others_ambivalent,No,No,No,No,No,No,No,No,No,No,No,No,No,No,No,No,No,No,No,No
18,others_do_not_want_punishment,No,No,No,No,No,No,No,No,No,No,No,No,No,No,No,No,No,No,No,No
18,others_want_punishment,No,No,No,No,No,No,No,No,No,No,No,No,No,No,No,No,No,No,No,No
18,others_will_not_punish,No,No,No,No,No,No,No,No,No,No,No,No,No,No,No,No,No,No,No,No
18,others_will_punish,No,No,No,No,No,No,No,No,No,No,No,No,No,No,No,No,No,No,No,No
18,reputation_decrease,No,No,No,No,No,No,No,No,No,No,No,No,No,No,No,No,No,No,No,No
18,reputation_improve,No,No,No,No,No,No,No,No,No,No,No,No,No,No,No,No,No,No,No,No
18,reputation_same,No,No,No,No,No,No,No,No,No,No,No,No,No,No,No,No,No,No,No,No
18,retaliation_expected,No,No,No,No,No,No,No,No,No,No,No,No,No,No,No,No,No,No,No,No
18,retaliation_not_expected,No,No,No,No,No,No,No,No,No,No,No,No,No,No,No,No,No,No,No,No
18,target_has_high_status,No,No,No,No,No,No,No,No,No,No,No,No,No,No,No,No,No,No,No,No
18,target_has_low_status,No,No,No,No,No,No,No,No,No,No,No,No,No,No,No,No,No,No,No,No
18,target_has_supporters,No,No,No,No,No,No,No,No,No,No,No,No,No,No,No,No,No,No,No,No
18,target_no_supporters,No,No,No,No,No,No,No,No,No,No,No,No,No,No,No,No,No,No,No,No
18,tit_for_tat,Yes,Yes,Yes,No,No,Yes,No,No,No,Yes,No,Yes,Yes,No,No,No,No,No,Yes,No
19,cost_10,Yes,Yes,Yes,Yes,Yes,Yes,Yes,Yes,Yes,Yes,Yes,Yes,Yes,Yes,Yes,Yes,Yes,Yes,Yes,Yes
19,cost_10000,No,No,No,No,Cannot,No,No,No,No,No,No,No,No,No,No,No,No,No,No,No
19,deter_impossible,No,Yes,No,No,Yes,Yes,Yes,Yes,Yes,Yes,Yes,No,Yes,No,No,Yes,No,Yes,No,No
19,deter_others_impossible,No,No,No,No,No,No,No,No,No,No,No,No,No,No,No,No,No,No,No,No
19,deter_others_possible,Yes,Yes,Yes,Yes,Yes,Yes,Yes,Yes,Yes,Yes,Yes,Yes,Yes,Yes,Yes,Yes,Yes,Yes,Yes,Yes
19,deter_possible,Yes,Yes,Yes,Yes,Yes,Yes,Yes,Yes,Yes,Yes,Yes,Yes,Yes,Yes,Yes,Yes,Yes,Yes,Yes,Yes
19,grim_trigger,Yes,Yes,Yes,Yes,Yes,Yes,Yes,Yes,Yes,Yes,Yes,Yes,Yes,Yes,Yes,Yes,Yes,Yes,Yes,Yes
19,interaction_continuous,Yes,Yes,Yes,Yes,Yes,Yes,Yes,Yes,Yes,Yes,Yes,Yes,Yes,Yes,Yes,Yes,Yes,Yes,Yes,Yes
19,interaction_not_continuous,Yes,No,Yes,Yes,Yes,Yes,Yes,Yes,Yes,Yes,Yes,No,No,Yes,Yes,Yes,No,Yes,Yes,No
19,legal_implications,No,No,No,No,Cannot,No,No,No,No,No,No,No,No,No,Cannot,No,No,No,No,No
19,legal_implications_none,Yes,Yes,Yes,Yes,Yes,Yes,Yes,Yes,Yes,Yes,Yes,Yes,Yes,Yes,Yes,Yes,Yes,Yes,Yes,Yes
19,no_context,Yes,Yes,Yes,Yes,Yes,Yes,No,Yes,Yes,Yes,Yes,Yes,Yes,Yes,Yes,Yes,Yes,Yes,Yes,Yes
19,offense_will_not_recur,No,No,No,No,No,No,No,No,No,No,No,No,No,No,No,No,No,No,No,No
19,offense_will_recur,Yes,No,No,Yes,Yes,Yes,Yes,No,Yes,Yes,No,Yes,Yes,Yes,No,No,No,No,Yes,Yes
19,offense_will_recur_despite_punishment,Yes,Yes,Yes,Yes,Yes,Yes,Yes,Yes,Yes,Yes,Yes,Yes,Yes,Yes,Yes,Yes,Yes,Yes,Yes,Yes
19,others_ambivalent,Yes,Yes,Yes,Yes,Yes,Yes,Yes,Yes,Yes,Yes,Yes,Yes,Yes,Yes,Yes,Yes,Yes,Yes,Yes,Yes
19,others_do_not_want_punishment,No,No,No,No,No,No,No,No,No,No,No,No,No,No,No,No,No,No,No,No
19,others_want_punishment,Yes,Yes,Yes,Yes,Yes,Yes,Yes,Yes,Yes,Yes,Yes,Yes,Yes,Yes,Yes,Yes,Yes,Yes,Yes,Yes
19,others_will_not_punish,Yes,Yes,No,Yes,Yes,Yes,Yes,Yes,Yes,Yes,Yes,Yes,It,Yes,Yes,Yes,Yes,Yes,Yes,Yes
19,others_will_punish,Yes,Yes,Yes,Yes,Yes,Yes,Yes,Yes,Yes,Yes,Yes,Yes,Yes,Yes,Yes,Yes,Yes,Yes,Yes,Yes
19,reputation_decrease,No,No,Cannot,No,No,No,No,No,No,Cannot,No,No,No,Cannot,No,No,No,No,No,Yes
19,reputation_improve,Yes,Yes,Yes,Yes,Yes,Yes,Yes,Yes,Yes,Yes,Yes,Yes,Yes,Yes,Yes,Yes,Yes,Yes,Yes,Yes
19,reputation_same,Yes,Yes,Yes,Yes,Yes,Yes,Yes,Yes,Yes,Yes,No,Yes,Yes,Yes,Yes,Yes,Yes,Yes,Yes,Yes
19,retaliation_expected,Yes,Yes,Yes,Yes,Yes,Yes,Yes,Yes,Yes,Yes,Yes,Yes,Yes,Yes,Yes,Yes,Yes,Yes,Yes,Yes
19,retaliation_not_expected,Yes,Yes,Yes,Yes,Yes,Yes,Yes,Yes,Yes,Yes,Yes,Yes,Yes,Yes,Yes,Yes,Yes,Yes,Yes,Yes
19,target_has_high_status,Yes,Yes,Yes,Yes,Yes,Yes,Yes,Yes,Yes,Yes,Yes,Yes,Yes,Yes,Yes,Yes,Yes,Yes,Yes,Yes
19,target_has_low_status,Yes,No,No,Yes,Yes,No,No,No,Yes,Yes,Yes,No,Yes,No,No,Yes,Yes,No,No,Yes
19,target_has_supporters,Yes,Yes,Yes,Yes,Yes,Yes,Yes,Yes,Yes,Yes,Yes,Yes,Yes,Yes,Yes,Yes,Yes,Yes,Yes,Yes
19,target_no_supporters,Yes,Yes,Yes,Yes,Yes,Yes,Yes,Yes,Yes,Yes,Yes,Yes,Yes,Yes,Yes,Yes,Yes,Yes,Yes,Yes
19,tit_for_tat,Yes,Yes,Yes,Yes,Yes,Yes,Yes,Yes,Yes,Yes,Yes,Yes,Yes,Yes,Yes,Yes,Yes,Yes,Yes,Yes
20,cost_10,No,No,Yes,Yes,Yes,No,No,No,Yes,No,Yes,No,No,No,No,No,No,No,No,No
20,cost_10000,No,No,No,No,No,No,No,No,No,No,No,No,No,No,No,No,No,No,No,No
20,deter_impossible,No,No,No,No,No,No,No,No,No,No,No,No,No,No,No,No,No,No,No,No
20,deter_others_impossible,No,No,No,No,No,No,No,No,No,No,No,No,No,No,No,No,No,No,No,No
20,deter_others_possible,No,No,No,No,No,No,No,No,No,No,Cannot,No,No,No,No,No,No,No,No,No
20,deter_possible,No,No,No,No,No,No,No,No,No,No,No,Yes,Yes,No,No,No,No,Yes,No,No
20,grim_trigger,No,No,No,No,No,No,No,No,No,No,No,No,No,No,No,No,No,No,No,No
20,interaction_continuous,Yes,Yes,Yes,Yes,Yes,Yes,No,No,Yes,Yes,Yes,Yes,Yes,Yes,No,Yes,Yes,No,No,Yes
20,interaction_not_continuous,No,No,No,No,No,No,No,No,No,No,No,No,No,No,No,No,No,No,No,No
20,legal_implications,No,No,No,No,No,No,Cannot,No,No,No,No,No,No,No,No,No,No,No,No,No
20,legal_implications_none,No,No,No,It,No,No,No,No,No,No,No,No,No,No,No,No,No,No,Cannot,No
20,no_context,Yes,No,Yes,No,No,No,No,No,Yes,No,No,No,No,No,No,No,No,Yes,No,Yes
20,offense_will_not_recur,No,No,No,No,No,No,No,No,No,No,No,No,No,No,No,No,No,No,No,No
20,offense_will_recur,Yes,Yes,Yes,Yes,Yes,Yes,Yes,Yes,Yes,Yes,Yes,Yes,Yes,Yes,Yes,Yes,Yes,Yes,Yes,Yes
20,offense_will_recur_despite_punishment,Yes,Yes,No,Yes,No,Yes,Yes,Yes,Yes,Yes,Yes,Yes,Yes,No,Yes,No,Yes,Yes,Yes,Yes
20,others_ambivalent,No,No,No,Cannot,No,No,No,No,No,Cannot,Cannot,No,No,No,No,No,Yes,No,No,Cannot
20,others_do_not_want_punishment,No,No,No,No,No,No,No,No,No,No,No,No,No,No,No,No,No,No,No,No
20,others_want_punishment,No,No,No,No,No,No,No,No,No,No,Cannot,No,No,No,No,No,No,No,Cannot,Cannot
20,others_will_not_punish,No,No,No,No,It,No,No,No,No,No,No,No,No,No,No,No,No,No,No,No
20,others_will_punish,No,No,No,No,No,No,No,No,No,No,No,No,No,No,No,No,No,No,No,No
20,reputation_decrease,No,No,No,No,No,No,No,No,No,No,No,No,No,No,No,No,No,No,No,No
20,reputation_improve,No,No,No,No,No,No,No,No,No,No,No,No,No,No,No,No,No,No,No,No
20,reputation_same,No,No,No,No,No,No,No,No,No,Yes,No,No,No,No,No,No,No,No,No,Yes
20,retaliation_expected,No,No,No,No,No,No,No,No,No,No,No,No,No,No,No,The,No,No,No,No
20,retaliation_not_expected,No,No,No,No,No,No,No,No,No,No,No,No,No,No,No,No,No,No,No,No
20,target_has_high_status,No,No,No,No,No,No,No,No,No,No,No,No,No,No,No,No,No,No,No,No
20,target_has_low_status,No,Yes,No,No,No,No,No,No,No,No,No,No,No,No,No,No,No,No,No,No
20,target_has_supporters,No,No,No,No,No,No,No,No,No,No,No,No,No,No,No,No,No,No,No,No
20,target_no_supporters,No,No,No,No,No,No,No,No,No,No,No,No,No,No,No,No,No,No,No,No
20,tit_for_tat,Yes,Yes,Yes,No,Yes,No,Yes,No,No,Yes,No,Yes,Yes,Yes,Yes,Yes,No,No,No,Yes
21,cost_10,No,Yes,Yes,No,No,Yes,No,Yes,Yes,Yes,Yes,Yes,Yes,Yes,Yes,Yes,Yes,Yes,Yes,Yes
21,cost_10000,No,No,No,No,No,Cannot,No,Cannot,No,No,No,No,No,No,No,No,Cannot,No,No,Cannot
21,deter_impossible,No,No,Yes,Yes,Yes,No,No,Yes,No,No,No,No,No,No,No,Yes,No,No,Yes,No
21,deter_others_impossible,No,No,No,No,No,No,No,No,No,No,No,No,No,No,No,No,No,No,No,No
21,deter_others_possible,No,No,No,No,No,No,No,No,No,No,Yes,No,No,No,No,No,No,No,No,No
21,deter_possible,No,No,No,No,No,No,No,No,No,No,No,No,No,No,No,No,No,No,No,Yes
21,grim_trigger,No,No,No,No,No,No,No,No,No,No,No,No,No,No,No,No,No,No,No,No
21,interaction_continuous,No,No,No,No,No,No,No,No,No,No,No,No,No,No,No,No,No,No,No,No
21,interaction_not_continuous,No,No,No,No,No,No,No,No,No,No,No,No,No,No,No,No,No,No,No,No
21,legal_implications,No,No,No,No,No,No,No,No,No,No,No,No,No,No,No,No,No,No,No,No
21,legal_implications_none,Yes,No,Cannot,Yes,Cannot,Yes,It,No,Yes,It,Yes,Yes,No,Cannot,Yes,No,Yes,Yes,Yes,No
21,no_context,No,No,No,No,No,No,No,No,No,No,No,No,No,No,No,No,No,No,No,No
21,offense_will_not_recur,No,No,No,No,No,No,No,No,No,No,No,No,No,No,No,No,No,No,No,No
21,offense_will_recur,Yes,Yes,Yes,Yes,Yes,Yes,Yes,Yes,Yes,Yes,Yes,Yes,Yes,Yes,Yes,Yes,Yes,Yes,Yes,Yes
21,offense_will_recur_despite_punishment,No,Yes,No,Yes,Yes,Yes,Yes,Yes,Yes,Yes,Yes,Yes,Yes,Yes,Yes,Yes,Yes,Yes,Yes,Yes
21,others_ambivalent,No,Yes,No,No,No,No,No,No,No,No,No,No,No,No,No,No,No,No,No,No
21,others_do_not_want_punishment,No,No,No,No,No,No,No,No,No,No,No,No,No,No,No,No,No,No,No,No
21,others_want_punishment,No,No,No,No,No,No,No,No,No,No,No,No,No,No,No,No,No,No,No,No
21,others_will_not_punish,No,No,No,No,No,No,No,No,No,No,No,No,No,No,No,No,No,No,No,No
21,others_will_punish,Yes,Yes,Yes,Yes,Yes,Yes,Yes,Yes,Yes,Yes,Yes,Yes,Yes,Yes,Yes,Yes,Yes,Yes,Yes,Yes
21,reputation_decrease,No,No,No,No,No,No,No,No,No,No,No,No,No,No,No,No,No,No,No,No
21,reputation_improve,No,No,Yes,No,No,No,No,No,No,No,No,No,No,No,No,No,No,Yes,No,No
21,reputation_same,No,No,Yes,No,Yes,Yes,No,No,No,No,Yes,No,No,No,No,No,No,Yes,Yes,Yes
21,retaliation_expected,No,No,No,Cannot,Cannot,No,Yes,No,No,No,No,Cannot,Cannot,No,Cannot,No,Yes,Yes,No,No
21,retaliation_not_expected,No,Yes,Yes,Yes,No,Yes,No,Yes,Yes,Yes,No,Yes,Yes,Yes,Yes,Yes,Yes,No,Yes,No
21,target_has_high_status,No,No,No,No,No,No,No,No,No,No,No,No,No,No,No,No,No,No,No,No
21,target_has_low_status,No,No,No,No,No,No,It,Yes,No,Yes,Yes,No,No,No,No,Yes,No,Yes,No,No
21,target_has_supporters,No,No,No,No,No,No,No,No,No,No,No,No,No,No,No,No,No,No,No,No
21,target_no_supporters,Yes,No,No,No,No,No,No,No,No,No,No,No,No,Yes,It,No,Yes,No,Yes,Yes
21,tit_for_tat,No,No,Yes,No,No,No,Yes,No,No,No,No,No,Yes,No,Yes,No,Yes,Yes,Yes,Yes
22,cost_10,No,No,No,No,No,No,No,No,No,No,No,No,No,No,No,No,No,No,No,No
22,cost_10000,Cannot,No,Cannot,No,No,No,Cannot,No,Cannot,No,Cannot,No,Cannot,No,No,Cannot,No,No,Cannot,Cannot
22,deter_impossible,No,No,No,No,No,No,No,No,No,No,No,No,No,No,No,No,No,No,No,No
22,deter_others_impossible,No,No,No,No,No,No,No,No,No,No,No,No,No,No,No,No,No,No,No,No
22,deter_others_possible,Yes,Yes,Yes,Yes,Yes,Yes,Yes,Yes,Yes,Yes,Yes,Yes,Yes,Yes,Yes,Yes,Yes,Yes,Yes,Yes
22,deter_possible,Yes,Yes,Yes,Yes,Yes,Yes,Yes,Yes,Yes,Yes,Yes,Yes,Yes,Yes,Yes,Yes,Yes,Yes,Yes,Yes
22,grim_trigger,No,No,No,No,No,No,No,No,No,No,No,No,No,No,No,No,No,No,No,No
22,interaction_continuous,Yes,Yes,Yes,Yes,Yes,Yes,Cannot,Yes,Yes,Yes,No,Yes,Yes,Yes,Yes,Yes,Yes,Yes,Yes,Yes
22,interaction_not_continuous,No,Yes,No,No,Cannot,No,Yes,No,No,No,No,No,No,No,No,No,Yes,No,Cannot,Yes
22,legal_implications,No,No,No,No,No,No,No,No,No,No,No,No,No,No,No,No,No,No,No,No
22,legal_implications_none,Yes,Yes,Cannot,I,Yes,Yes,Yes,Yes,Yes,Yes,Yes,Yes,Yes,Yes,Yes,Yes,Cannot,Yes,Yes,Yes
22,no_context,Cannot,Yes,Cannot,Yes,Yes,Yes,Yes,Cannot,Yes,Yes,It,Yes,Yes,Yes,Cannot,Cannot,Yes,Cannot,Yes,Cannot
22,offense_will_not_recur,No,No,No,No,No,No,No,No,No,No,No,No,No,No,No,No,No,No,No,No
22,offense_will_recur,Yes,Yes,Yes,Yes,Yes,Yes,Yes,Yes,Yes,No,Yes,Yes,Yes,No,Yes,No,Yes,Yes,Yes,Yes
22,offense_will_recur_despite_punishment,Yes,Yes,Yes,Yes,Yes,Yes,Yes,Yes,Yes,Yes,Yes,Yes,Yes,Yes,Yes,Yes,Yes,Yes,Yes,Yes
22,others_ambivalent,Cannot,Cannot,Cannot,Cannot,Cannot,No,Cannot,Cannot,Cannot,It,Cannot,Cannot,Cannot,Cannot,Cannot,No,The,Unknown,No,Cannot
22,others_do_not_want_punishment,No,No,No,No,No,No,No,No,No,No,No,No,No,No,No,No,No,No,No,No
22,others_want_punishment,Cannot,Cannot,Cannot,Cannot,Cannot,It,Cannot,Cannot,Cannot,Yes,Cannot,Cannot,Cannot,Cannot,Cannot,Cannot,Cannot,Cannot,Cannot,Cannot
22,others_will_not_punish,Cannot,Cannot,Cannot,Cannot,It,Cannot,Cannot,Cannot,The,Cannot,Cannot,Cannot,Cannot,We,Cannot,Cannot,The,Cannot,Cannot,Cannot
22,others_will_punish,Yes,Yes,Yes,Yes,Yes,Yes,Yes,Yes,Yes,Yes,Yes,Yes,Yes,Yes,Yes,Yes,Yes,Yes,Yes,Yes
22,reputation_decrease,No,No,No,No,No,Cannot,No,No,No,No,No,No,No,Cannot,No,No,No,No,No,No
22,reputation_improve,Yes,Yes,Yes,Yes,Yes,Yes,Yes,Yes,Yes,Yes,Yes,Yes,Yes,Yes,Yes,Yes,Yes,Yes,Yes,Yes
22,reputation_same,Yes,Yes,Yes,Cannot,Cannot,Yes,Yes,It,Yes,Cannot,Yes,Yes,It,Yes,Yes,Yes,Yes,Yes,Yes,Yes
22,retaliation_expected,No,No,No,No,No,No,No,No,No,No,No,No,No,No,No,No,No,No,No,No
22,retaliation_not_expected,Yes,Yes,Yes,Yes,Yes,Yes,Yes,Yes,Yes,Yes,Yes,Yes,Yes,Yes,Yes,Yes,Yes,Yes,Yes,Yes
22,target_has_high_status,The,No,Cannot,Cannot,No,No,No,The,Cannot,No,Cannot,No,The,No,Cannot,Cannot,No,Cannot,Cannot,Cannot
22,target_has_low_status,No,No,Cannot,No,No,No,No,No,Cannot,No,No,No,No,No,No,No,No,No,No,No
22,target_has_supporters,Cannot,It,No,No,No,It,The,Cannot,Cannot,No,No,No,Cannot,Cannot,No,It,Cannot,No,Cannot,The
22,target_no_supporters,Yes,Yes,Yes,Yes,Yes,Yes,Yes,Yes,Yes,Yes,Yes,Yes,Yes,Yes,Yes,Yes,Yes,Yes,Yes,Yes
22,tit_for_tat,Yes,Yes,Yes,Yes,Yes,Yes,Yes,Yes,Yes,Yes,Yes,Yes,Yes,Yes,Yes,Yes,Yes,Yes,Yes,Yes
23,cost_10,No,No,No,No,No,No,No,No,No,No,No,No,No,No,No,No,No,No,No,No
23,cost_10000,No,No,No,No,No,No,No,No,No,No,No,No,No,No,No,No,No,No,No,No
23,deter_impossible,No,No,No,No,No,No,No,No,No,No,No,No,No,No,No,No,No,No,No,No
23,deter_others_impossible,No,No,No,No,No,No,No,No,No,No,No,No,No,No,No,No,No,No,No,No
23,deter_others_possible,Yes,Yes,No,Yes,Yes,Yes,No,No,No,No,Yes,No,Yes,Yes,Yes,Yes,Yes,Yes,No,Yes
23,deter_possible,No,No,No,No,No,Yes,No,No,No,No,No,No,No,No,No,No,No,No,Yes,No
23,grim_trigger,No,No,No,No,No,No,No,No,No,No,No,No,No,No,No,No,No,No,No,No
23,interaction_continuous,No,No,No,No,No,No,No,No,No,No,No,No,No,No,No,No,No,No,No,No
23,interaction_not_continuous,No,No,No,No,No,No,No,No,No,No,No,No,No,No,No,No,No,No,No,No
23,legal_implications,No,No,No,No,No,No,No,No,No,No,No,No,No,No,No,No,No,No,No,No
23,legal_implications_none,No,No,No,No,No,No,No,No,No,No,No,No,No,No,No,No,No,No,No,No
23,no_context,No,No,No,No,No,No,No,No,No,No,No,No,No,No,No,No,No,No,No,No
23,offense_will_not_recur,No,No,No,No,No,No,No,No,No,No,No,No,No,No,No,No,No,No,No,No
23,offense_will_recur,Yes,Yes,Yes,Yes,Yes,Yes,Yes,Yes,Yes,Yes,Yes,Yes,Yes,Yes,Yes,Yes,Yes,Yes,Yes,Yes
23,offense_will_recur_despite_punishment,Yes,Yes,Yes,Yes,Yes,Yes,Yes,Yes,No,Yes,Yes,Yes,Yes,Yes,Yes,No,No,Yes,Yes,No
23,others_ambivalent,No,No,No,No,No,No,No,No,No,No,No,No,No,No,No,No,No,No,No,No
23,others_do_not_want_punishment,No,No,No,No,No,No,No,No,No,No,No,No,No,No,No,No,No,No,No,No
23,others_want_punishment,No,No,No,No,No,No,No,No,No,No,No,No,No,No,No,No,No,No,No,No
23,others_will_not_punish,No,No,No,No,No,No,No,No,No,No,No,No,No,No,No,No,No,No,No,No
23,others_will_punish,Yes,Yes,No,No,No,No,No,No,Yes,No,No,No,No,No,Yes,No,No,Yes,No,Yes
23,reputation_decrease,No,No,No,No,No,No,No,No,No,No,No,No,No,No,No,No,No,No,No,No
23,reputation_improve,Yes,Yes,Yes,No,Yes,Yes,Yes,Yes,Yes,Yes,No,Yes,Yes,No,Yes,Yes,No,Yes,No,Yes
23,reputation_same,No,No,No,No,No,No,No,No,No,No,No,No,No,No,No,No,No,No,No,No
23,retaliation_expected,No,No,No,No,No,No,No,No,No,No,No,No,No,No,No,No,No,No,No,No
23,retaliation_not_expected,No,No,No,No,No,No,No,No,No,No,No,No,No,No,No,No,No,No,No,No
23,target_has_high_status,No,No,No,No,No,No,No,No,No,No,No,No,No,No,No,No,No,No,No,No
23,target_has_low_status,No,No,No,No,No,No,No,No,No,No,No,No,No,No,No,No,No,No,No,No
23,target_has_supporters,No,No,No,No,No,No,No,No,No,No,No,No,No,No,No,No,No,No,No,No
23,target_no_supporters,No,No,No,Yes,No,No,No,No,No,No,No,No,No,No,No,No,No,No,No,No
23,tit_for_tat,Yes,No,No,No,Yes,Yes,Yes,No,No,No,No,Yes,Yes,No,Yes,No,Yes,No,No,Yes
24,cost_10,Yes,Yes,Yes,Yes,Yes,No,Yes,No,Yes,No,Yes,Yes,Yes,Yes,Yes,No,Yes,Yes,No,Yes
24,cost_10000,No,No,No,No,No,No,No,No,No,No,No,No,No,No,No,No,No,No,No,No
24,deter_impossible,No,No,No,No,Yes,No,No,No,No,No,No,No,No,No,No,No,No,No,No,No
24,deter_others_impossible,No,No,No,No,No,No,No,No,No,No,No,No,No,No,No,No,No,No,No,No
24,deter_others_possible,Yes,Yes,Yes,Yes,Yes,Yes,Yes,Yes,Yes,Yes,Yes,Yes,Yes,Yes,Yes,Yes,Yes,Yes,Yes,Yes
24,deter_possible,Yes,Yes,Yes,Yes,Yes,Yes,Yes,Yes,Yes,Yes,Yes,Yes,Yes,Yes,Yes,Yes,No,Yes,Yes,Yes
24,grim_trigger,Yes,Yes,No,Yes,Yes,Yes,Yes,Yes,Yes,Yes,Yes,Yes,Yes,Yes,Yes,Yes,Yes,Yes,Yes,Yes
24,interaction_continuous,Yes,Yes,Yes,Yes,Yes,Yes,Yes,Yes,Yes,Yes,Yes,Yes,Yes,Yes,Yes,Yes,Yes,Yes,Yes,Yes
24,interaction_not_continuous,Yes,Yes,Yes,Yes,Yes,No,No,No,Yes,No,No,Yes,Yes,No,Yes,Yes,No,Yes,Yes,Yes
24,legal_implications,No,No,No,No,No,No,No,No,No,No,No,No,No,No,No,No,No,No,No,No
24,legal_implications_none,Yes,Yes,Yes,Yes,Yes,Yes,Yes,Yes,Yes,Yes,No,It,Yes,Yes,Yes,Yes,Yes,Yes,Yes,Yes
24,no_context,Yes,Yes,Yes,Yes,Yes,Yes,Yes,Yes,Yes,Yes,Yes,Yes,Yes,Yes,Yes,Yes,Yes,Yes,Yes,Yes
24,offense_will_not_recur,Yes,Yes,Yes,Yes,Yes,No,Yes,Yes,Yes,Yes,Yes,Yes,No,Yes,Yes,Yes,Yes,Yes,Yes,Yes
24,offense_will_recur,No,Yes,Yes,Yes,Yes,Yes,Yes,Yes,Yes,Yes,No,Yes,Yes,Yes,Yes,No,Yes,No,Yes,Yes
24,offense_will_recur_despite_punishment,No,No,No,No,No,No,No,No,Yes,No,No,Yes,No,No,No,No,No,No,No,Yes
24,others_ambivalent,Yes,Yes,Yes,Yes,Yes,Yes,Yes,Yes,Yes,Yes,Yes,Yes,Yes,Yes,Yes,Yes,Yes,Yes,Yes,Yes
24,others_do_not_want_punishment,Yes,No,No,No,No,No,No,No,No,No,No,No,Yes,Yes,No,No,No,No,No,No
24,others_want_punishment,Yes,Yes,No,Yes,Yes,Yes,Yes,Yes,No,Yes,Yes,Yes,Yes,Yes,Yes,Yes,Yes,Yes,Yes,Yes
24,others_will_not_punish,Yes,Yes,Yes,Yes,Yes,Yes,Yes,Yes,Yes,Yes,Yes,Yes,Yes,Yes,Yes,Yes,Yes,Yes,No,Yes
24,others_will_punish,Yes,Yes,Yes,Yes,Yes,Yes,Yes,Yes,Yes,Yes,Yes,Yes,Yes,Yes,Yes,Yes,Yes,Yes,Yes,Yes
24,reputation_decrease,No,No,No,No,No,No,No,No,No,No,No,No,No,No,No,No,No,No,No,No
24,reputation_improve,Yes,Yes,Yes,Yes,Yes,Yes,Yes,Yes,Yes,Yes,Yes,Yes,Yes,Yes,Yes,Yes,Yes,Yes,Yes,Yes
24,reputation_same,Yes,No,No,No,No,Yes,No,No,Yes,Yes,No,Yes,No,No,No,No,No,Yes,Yes,No
24,retaliation_expected,Yes,Yes,Yes,Yes,Yes,Yes,Yes,Yes,Yes,Yes,Yes,Yes,Yes,Yes,Yes,Yes,Yes,Yes,No,Yes
24,retaliation_not_expected,Yes,Yes,Yes,Yes,Yes,Yes,No,Yes,No,No,No,Yes,Yes,Yes,Yes,No,Yes,No,Yes,No
24,target_has_high_status,Yes,Yes,Yes,Yes,Yes,Yes,Yes,Yes,Yes,Yes,Yes,Yes,Yes,Yes,Yes,No,Yes,Yes,Yes,No
24,target_has_low_status,Yes,Yes,Yes,Yes,Yes,No,Yes,Yes,Yes,Yes,No,Yes,Yes,Yes,Yes,Yes,Yes,Yes,Yes,Yes
24,target_has_supporters,No,No,No,No,No,No,No,No,No,No,No,No,No,No,No,No,No,No,No,No
24,target_no_supporters,Yes,No,No,Yes,No,No,No,No,Yes,Yes,No,Yes,No,No,No,Yes,Yes,Yes,Yes,Yes
24,tit_for_tat,Yes,Yes,Yes,Yes,Yes,Yes,Yes,Yes,Yes,Yes,Yes,Yes,Yes,Yes,Yes,Yes,Yes,Yes,Yes,Yes
25,cost_10,No,No,No,No,No,No,No,No,No,No,No,No,No,No,No,No,No,Yes,No,No
25,cost_10000,No,No,No,No,No,No,No,No,No,No,No,No,No,No,No,No,No,No,No,No
25,deter_impossible,No,No,No,No,No,No,No,No,No,No,No,No,No,No,No,No,No,No,No,No
25,deter_others_impossible,No,No,No,No,No,No,No,No,No,No,No,No,No,No,No,No,No,No,No,No
25,deter_others_possible,Yes,Yes,Yes,No,Yes,Yes,Yes,Yes,Yes,Yes,Yes,Yes,Yes,Yes,Yes,Yes,Yes,Yes,Yes,Yes
25,deter_possible,Yes,Yes,Yes,Yes,Yes,Yes,Yes,Yes,Yes,Yes,Yes,No,Yes,Yes,Yes,Yes,Yes,Yes,Yes,Yes
25,grim_trigger,No,No,No,No,No,No,No,No,No,No,No,No,No,No,No,No,No,No,No,No
25,interaction_continuous,Yes,Yes,Yes,Yes,Yes,Yes,Yes,Yes,Yes,No,Yes,Yes,Yes,Yes,Yes,Yes,Yes,Yes,No,No
25,interaction_not_continuous,It,Yes,No,Yes,Yes,No,No,No,Yes,No,Yes,Yes,Yes,No,Yes,Yes,No,No,No,Yes
25,legal_implications,No,No,No,No,No,No,No,No,No,No,No,No,No,No,No,No,No,No,No,No
25,legal_implications_none,No,Yes,Yes,Yes,No,Yes,Yes,Yes,Yes,No,Yes,Yes,Yes,Yes,Yes,Yes,Yes,Yes,Yes,Yes
25,no_context,Yes,Yes,Yes,Yes,Yes,Yes,Yes,Yes,Yes,Yes,Yes,Yes,Yes,Yes,Yes,Yes,Yes,Yes,Yes,Yes
25,offense_will_not_recur,Yes,Yes,Yes,Yes,Yes,Yes,Yes,Yes,Yes,Yes,Yes,Yes,Yes,Yes,Yes,Yes,Yes,Yes,Yes,Yes
25,offense_will_recur,Yes,Yes,Yes,Yes,Yes,Yes,Yes,Yes,Yes,Yes,Yes,Yes,Yes,Yes,Yes,Yes,Yes,Yes,Yes,Yes
25,offense_will_recur_despite_punishment,Yes,Yes,Yes,Yes,Yes,Yes,Yes,Yes,Yes,Yes,Yes,Yes,Yes,Yes,Yes,Yes,Yes,Yes,Yes,Yes
25,others_ambivalent,Yes,Yes,Yes,Yes,Yes,Yes,Yes,Yes,Yes,Yes,Yes,Yes,Yes,Yes,Yes,Yes,Yes,Yes,Yes,Yes
25,others_do_not_want_punishment,Yes,No,Yes,Yes,Yes,Yes,No,No,Yes,No,No,Yes,Yes,Yes,No,No,No,Yes,Yes,No
25,others_want_punishment,Yes,Yes,Yes,Yes,Yes,Yes,Yes,Yes,Yes,Yes,Yes,Yes,Yes,Yes,Yes,Yes,Yes,Yes,Yes,Yes
25,others_will_not_punish,Yes,Yes,Yes,Yes,Yes,Yes,Yes,Yes,Yes,Yes,Yes,Yes,Yes,Yes,Yes,Yes,Yes,Yes,Yes,Yes
25,others_will_punish,Yes,Yes,Yes,Yes,Yes,Yes,Yes,Yes,Yes,Yes,Yes,Yes,Yes,Yes,Yes,Yes,Yes,Yes,Yes,Yes
25,reputation_decrease,No,No,No,No,No,No,No,No,No,No,No,No,No,No,No,No,No,No,No,No
25,reputation_improve,Yes,Yes,Yes,Yes,Yes,Yes,Yes,Yes,Yes,Yes,Yes,Yes,Yes,Yes,Yes,Yes,Yes,Yes,Yes,Yes
25,reputation_same,Yes,Yes,No,No,No,No,No,Yes,Yes,Yes,Yes,Yes,Yes,Yes,Yes,Yes,Yes,Yes,Yes,No
25,retaliation_expected,Yes,Yes,No,Yes,No,No,No,Yes,No,Yes,No,Yes,Yes,Yes,No,No,Yes,Yes,Yes,No
25,retaliation_not_expected,Yes,Yes,Yes,Yes,Yes,Yes,Yes,Yes,Yes,Yes,Yes,Yes,Yes,Yes,Yes,Yes,Yes,Yes,Yes,Yes
25,target_has_high_status,Yes,Yes,Yes,Yes,Yes,Yes,Yes,Yes,Yes,Yes,Yes,No,Yes,Yes,Yes,Yes,Yes,Yes,Yes,Yes
25,target_has_low_status,Yes,Yes,Yes,Yes,Yes,Yes,Yes,Yes,Yes,Yes,Yes,Yes,Yes,Yes,Yes,Yes,Yes,Yes,Yes,Yes
25,target_has_supporters,Yes,Yes,Yes,Yes,Yes,Yes,Yes,Yes,Yes,Yes,Yes,Yes,Yes,Yes,Yes,Yes,Yes,Yes,Yes,Yes
25,target_no_supporters,Yes,Yes,Yes,Yes,Yes,Yes,Yes,Yes,Yes,Yes,Yes,Yes,Yes,Yes,Yes,Yes,Yes,Yes,Yes,Yes
25,tit_for_tat,Yes,Yes,Yes,Yes,Yes,Yes,Yes,Yes,Yes,Yes,Yes,Yes,Yes,Yes,Yes,Yes,Yes,Yes,Yes,Yes
26,cost_10,Yes,Yes,No,No,Yes,No,No,No,Yes,Yes,No,No,Yes,Yes,No,No,No,Yes,No,Yes
26,cost_10000,No,No,No,No,No,No,No,No,No,No,No,No,No,No,No,No,No,No,No,No
26,deter_impossible,No,No,No,No,No,No,No,Yes,No,No,Yes,No,No,No,No,No,No,No,No,No
26,deter_others_impossible,No,No,No,Yes,No,No,Yes,No,No,No,No,No,No,No,No,No,Yes,No,No,No
26,deter_others_possible,Yes,Yes,Yes,Yes,Yes,Yes,Yes,Yes,Yes,Yes,Yes,Yes,Yes,Yes,Yes,Yes,Yes,Yes,Yes,Yes
26,deter_possible,Yes,Yes,Yes,Yes,Yes,Yes,Yes,Yes,Yes,Yes,Yes,Yes,Yes,Yes,Yes,Yes,Yes,Yes,Yes,Yes
26,grim_trigger,Yes,Yes,Yes,Yes,Yes,Yes,Yes,Yes,Yes,Yes,Yes,Yes,Yes,Yes,Yes,Yes,Yes,Yes,Yes,Yes
26,interaction_continuous,No,No,No,No,No,No,No,No,No,No,No,No,No,No,No,No,No,No,No,No
26,interaction_not_continuous,No,No,No,No,No,No,No,No,No,No,No,No,No,No,No,No,No,No,No,No
26,legal_implications,No,No,No,No,No,No,No,No,No,No,No,No,No,No,No,No,No,No,No,No
26,legal_implications_none,No,No,No,No,No,No,No,No,No,No,No,No,Yes,No,No,No,No,No,No,No
26,no_context,No,No,No,No,No,No,No,No,No,No,No,No,No,No,No,No,No,No,No,No
26,offense_will_not_recur,No,No,No,No,No,No,No,No,No,No,No,No,No,No,No,No,No,No,No,No
26,offense_will_recur,Yes,Yes,Yes,Yes,Yes,Yes,Yes,Yes,Yes,Yes,Yes,Yes,Yes,Yes,Yes,Yes,Yes,Yes,Yes,Yes
26,offense_will_recur_despite_punishment,Yes,Yes,Yes,Yes,Yes,Yes,Yes,Yes,Yes,Yes,Yes,Yes,Yes,Yes,Yes,Yes,Yes,Yes,Yes,Yes
26,others_ambivalent,No,Yes,Yes,Yes,Yes,No,Yes,Yes,Yes,Yes,No,Yes,Yes,No,No,No,Yes,Yes,No,Yes
26,others_do_not_want_punishment,No,No,No,No,No,No,No,No,No,No,No,No,No,No,No,No,No,No,No,No
26,others_want_punishment,Yes,Yes,Yes,Yes,Yes,Yes,Yes,Yes,Yes,Yes,Yes,Yes,Yes,Yes,Yes,Yes,Yes,Yes,Yes,Yes
26,others_will_not_punish,No,No,No,No,No,No,No,No,No,No,No,No,No,No,No,No,No,No,No,No
26,others_will_punish,Yes,Yes,Yes,Yes,Yes,Yes,Yes,Yes,Yes,Yes,Yes,Yes,Yes,Yes,Yes,Yes,Yes,Yes,Yes,Yes
26,reputation_decrease,No,No,No,No,No,No,No,No,No,No,No,No,No,No,No,No,No,No,No,No
26,reputation_improve,Yes,Yes,Yes,Yes,Yes,Yes,Yes,Yes,Yes,Yes,Yes,Yes,Yes,Yes,Yes,Yes,Yes,Yes,Yes,Yes
26,reputation_same,No,Yes,Yes,Yes,Yes,Yes,Yes,No,Yes,Yes,Yes,Yes,Yes,No,Yes,Yes,No,Yes,Yes,Yes
26,retaliation_expected,Yes,Yes,Yes,Yes,Yes,Yes,Yes,Yes,Yes,Yes,Yes,Yes,Yes,Yes,Yes,Yes,Yes,Yes,No,No
26,retaliation_not_expected,No,No,No,No,No,No,No,No,No,No,No,No,No,No,No,No,No,No,No,No
26,target_has_high_status,Yes,Yes,Yes,Yes,Yes,Yes,Yes,Yes,Yes,Yes,Yes,Yes,Yes,Yes,Yes,Yes,Yes,Yes,Yes,Yes
26,target_has_low_status,No,No,No,No,Yes,Yes,No,No,No,No,No,No,No,No,No,No,No,No,Yes,No
26,target_has_supporters,No,No,No,No,No,No,No,No,No,No,No,No,No,No,No,No,No,No,No,No
26,target_no_supporters,Yes,No,No,Yes,No,No,No,No,Yes,No,No,No,Yes,Yes,Yes,No,No,Yes,Yes,Yes
26,tit_for_tat,Yes,Yes,Yes,Yes,Yes,Yes,Yes,Yes,Yes,Yes,Yes,Yes,Yes,Yes,Yes,Yes,Yes,Yes,Yes,Yes
27,cost_10,Yes,Yes,Yes,Yes,Yes,Yes,Yes,Yes,Yes,Yes,Yes,Yes,Yes,Yes,Yes,Yes,Yes,Yes,Yes,Yes
27,cost_10000,No,No,No,No,No,No,No,No,No,No,No,No,No,No,No,No,No,No,No,No
27,deter_impossible,No,No,No,No,No,No,No,No,No,No,No,No,No,No,No,No,No,No,No,No
27,deter_others_impossible,No,No,No,No,No,No,No,No,No,No,No,No,No,No,No,No,No,No,No,No
27,deter_others_possible,Yes,Yes,Yes,Yes,Yes,Yes,Yes,Yes,Yes,Yes,Yes,Yes,Yes,Yes,Yes,Yes,Yes,Yes,Yes,Yes
27,deter_possible,Yes,Yes,Yes,Yes,Yes,Yes,Yes,Yes,Yes,Yes,Yes,Yes,Yes,Yes,Yes,Yes,Yes,Yes,Yes,Yes
27,grim_trigger,No,No,No,No,No,No,No,No,No,No,No,No,No,No,No,No,No,No,No,No
27,interaction_continuous,Yes,Yes,Yes,Yes,Yes,Yes,Yes,Yes,Yes,Yes,Yes,Yes,Yes,Yes,Yes,Yes,Yes,Yes,Yes,Yes
27,interaction_not_continuous,Yes,Yes,Yes,Yes,Yes,Yes,Yes,Yes,Yes,Yes,Yes,Yes,Yes,Yes,Yes,Yes,Yes,Yes,Yes,Yes
27,legal_implications,No,No,No,No,No,No,No,No,No,No,No,No,No,No,No,No,No,No,No,No
27,legal_implications_none,Yes,Yes,Yes,Yes,Yes,Yes,Yes,Yes,Yes,Yes,Yes,Yes,Yes,Yes,Yes,Yes,Yes,Yes,Yes,Yes
27,no_context,Yes,Yes,Yes,Yes,Yes,Yes,Yes,Yes,Yes,Yes,Yes,Yes,Yes,Yes,Yes,Yes,Yes,Yes,Yes,Yes
27,offense_will_not_recur,Yes,Yes,Yes,Yes,Yes,Yes,Yes,Yes,Yes,Yes,Yes,Yes,Yes,Yes,Yes,Yes,Yes,Yes,Yes,Yes
27,offense_will_recur,Yes,Yes,Yes,Yes,Yes,Yes,Yes,Yes,Yes,Yes,Yes,Yes,Yes,Yes,Yes,Yes,Yes,Yes,Yes,Yes
27,offense_will_recur_despite_punishment,Yes,Yes,Yes,Yes,Yes,Yes,Yes,Yes,Yes,Yes,Yes,Yes,Yes,Yes,Yes,Yes,Yes,Yes,Yes,Yes
27,others_ambivalent,Yes,Yes,Yes,Yes,Yes,Yes,Yes,Yes,Yes,Yes,Yes,Yes,Yes,Yes,Yes,Yes,Yes,Yes,Yes,Yes
27,others_do_not_want_punishment,No,No,No,No,No,No,No,No,No,No,No,No,No,No,No,No,No,No,No,No
27,others_want_punishment,Yes,Yes,Yes,No,No,Yes,Yes,Yes,Yes,No,Yes,Yes,Yes,Yes,Yes,Yes,Yes,No,No,Yes
27,others_will_not_punish,No,No,No,No,No,No,No,No,No,No,No,No,No,No,No,No,No,No,No,No
27,others_will_punish,Yes,Yes,Yes,Yes,Yes,Yes,No,Yes,Yes,Yes,Yes,Yes,Yes,Yes,Yes,Yes,Yes,Yes,Yes,No
27,reputation_decrease,No,No,No,No,No,No,No,No,No,No,No,No,No,No,No,No,No,No,No,No
27,reputation_improve,Yes,Yes,Yes,Yes,Yes,Yes,Yes,Yes,Yes,Yes,Yes,Yes,Yes,Yes,Yes,Yes,Yes,Yes,Yes,Yes
27,reputation_same,Yes,Yes,Yes,Yes,No,No,No,Yes,Yes,Yes,Yes,No,Yes,Yes,Yes,Yes,Yes,Yes,Yes,Yes
27,retaliation_expected,No,No,No,No,No,No,No,No,No,No,No,No,No,No,No,No,No,No,No,No
27,retaliation_not_expected,Yes,Yes,Yes,Yes,Yes,Yes,Yes,Yes,Yes,Yes,Yes,Yes,No,Yes,Yes,Yes,Yes,Yes,Yes,Yes
27,target_has_high_status,Yes,No,Yes,No,No,No,No,No,Yes,Yes,No,Yes,No,No,No,No,No,No,No,No
27,target_has_low_status,Yes,Yes,Yes,Yes,Yes,Yes,Yes,Yes,Yes,Yes,Yes,Yes,Yes,Yes,Yes,Yes,Yes,Yes,Yes,Yes
27,target_has_supporters,Yes,Yes,No,No,Yes,No,Yes,Yes,Yes,Yes,No,Yes,Yes,Yes,Yes,No,No,Yes,No,Yes
27,target_no_supporters,Yes,Yes,Yes,Yes,Yes,Yes,Yes,Yes,Yes,Yes,Yes,Yes,Yes,Yes,Yes,Yes,Yes,Yes,Yes,Yes
27,tit_for_tat,Yes,Yes,Yes,Yes,Yes,No,Yes,Yes,No,No,Yes,No,Yes,Yes,Yes,Yes,Yes,Yes,Yes,Yes
28,cost_10,Yes,Yes,Yes,Yes,Yes,Yes,Yes,Yes,Yes,Yes,Yes,Yes,Yes,Yes,Yes,Yes,Yes,Yes,Yes,Yes
28,cost_10000,No,No,No,No,No,No,No,No,No,No,No,No,No,No,No,No,No,No,No,No
28,deter_impossible,No,No,No,No,No,No,No,No,No,No,No,No,No,No,No,No,No,No,No,No
28,deter_others_impossible,No,No,No,No,No,No,No,No,No,No,No,No,No,No,No,No,No,No,No,No
28,deter_others_possible,Yes,Yes,Yes,Yes,Yes,Yes,Yes,Yes,Yes,Yes,Yes,Yes,Yes,Yes,Yes,Yes,Yes,Yes,Yes,Yes
28,deter_possible,Yes,Yes,Yes,Yes,Yes,Yes,Yes,Yes,Yes,Yes,Yes,Yes,Yes,Yes,Yes,Yes,Yes,Yes,Yes,Yes
28,grim_trigger,No,No,No,No,No,No,No,No,No,No,No,No,No,No,No,No,No,No,No,No
28,interaction_continuous,Yes,Yes,Yes,Yes,Yes,Yes,Yes,Yes,Yes,Yes,Yes,Yes,Yes,Yes,Yes,Yes,Yes,No,Yes,Yes
28,interaction_not_continuous,No,No,No,No,No,No,No,No,No,No,No,No,No,No,No,No,No,No,No,No
28,legal_implications,No,No,No,No,No,No,No,No,No,No,No,No,No,No,No,No,No,No,No,No
28,legal_implications_none,Yes,Yes,Yes,Yes,Yes,Yes,Yes,Yes,Yes,Yes,Yes,Yes,Yes,Yes,Yes,Yes,Yes,Yes,Yes,Yes
28,no_context,Yes,No,No,No,No,No,No,No,No,No,No,No,No,No,No,Yes,No,No,Yes,No
28,offense_will_not_recur,Yes,It,No,No,Yes,No,Yes,Cannot,Yes,No,No,No,No,No,Yes,No,Yes,No,Cannot,No
28,offense_will_recur,Yes,Yes,Yes,Yes,No,Yes,Yes,Yes,Yes,Yes,Yes,Yes,Yes,Yes,Yes,Yes,Yes,Yes,Yes,Yes
28,offense_will_recur_despite_punishment,Yes,Yes,Yes,Yes,Yes,Yes,Yes,Yes,Yes,Yes,Yes,Yes,Yes,Yes,Yes,No,Yes,Yes,Yes,Yes
28,others_ambivalent,Yes,Yes,Yes,Yes,Yes,Yes,Yes,Yes,Yes,Yes,Yes,Yes,Yes,Yes,Yes,Yes,Yes,Yes,Yes,Yes
28,others_do_not_want_punishment,Cannot,No,No,No,No,Cannot,No,No,No,No,No,No,No,No,Cannot,No,No,Cannot,Cannot,Cannot
28,others_want_punishment,Yes,Yes,Yes,Yes,Yes,Yes,Yes,Yes,Yes,Yes,Yes,Yes,Yes,Yes,No,Yes,Yes,Yes,Cannot,Yes
28,others_will_not_punish,Cannot,No,No,Cannot,Cannot,Cannot,Cannot,It,Cannot,No,No,No,Cannot,Cannot,Cannot,Cannot,No,Cannot,No,Cannot
28,others_will_punish,Yes,Yes,Yes,Yes,Yes,Yes,Yes,Yes,Yes,Yes,Yes,Yes,Yes,Yes,Yes,Yes,Yes,Yes,Yes,Yes
28,reputation_decrease,No,No,No,No,No,No,No,No,No,No,No,No,No,No,No,No,No,No,No,No
28,reputation_improve,Yes,Yes,Yes,Yes,Yes,Yes,Yes,Yes,Yes,Yes,Yes,Yes,Yes,Yes,Yes,Yes,Yes,Yes,Yes,Yes
28,reputation_same,Yes,Yes,Yes,Yes,Yes,Yes,Yes,Yes,Yes,Yes,Yes,Yes,Yes,Yes,Yes,Yes,Yes,Yes,Yes,Yes
28,retaliation_expected,No,No,No,No,No,No,No,No,No,No,No,No,No,No,No,No,No,No,No,No
28,retaliation_not_expected,Yes,Yes,Yes,Yes,Yes,Yes,Yes,Yes,Yes,Yes,Yes,Yes,Yes,Yes,Yes,Yes,Yes,Yes,Yes,Yes
28,target_has_high_status,No,No,No,No,No,No,No,No,No,No,No,No,No,No,It,No,No,No,No,No
28,target_has_low_status,No,No,No,No,No,No,No,No,No,No,No,No,No,No,No,No,No,No,No,No
28,target_has_supporters,No,It,Cannot,Yes,Yes,Unknown,No,No,No,No,No,No,Cannot,Yes,Yes,Cannot,It,Cannot,Yes,No
28,target_no_supporters,Yes,Yes,Yes,Yes,Yes,Yes,Yes,Yes,Yes,Yes,Yes,Yes,Yes,Yes,Yes,Yes,Yes,Yes,Yes,Yes
28,tit_for_tat,Yes,Yes,Yes,Yes,Yes,Yes,Yes,Yes,Yes,Yes,Yes,Yes,Yes,Yes,Yes,Yes,Yes,Yes,Yes,Yes
29,cost_10,Yes,Yes,Yes,Yes,Yes,Yes,Yes,Yes,Yes,Yes,Yes,Yes,Yes,Yes,Yes,Yes,Yes,Yes,Yes,Yes
29,cost_10000,No,No,No,No,No,No,No,No,No,No,No,No,No,No,No,No,No,No,No,No
29,deter_impossible,Yes,Yes,Yes,No,Yes,No,No,Yes,Yes,Yes,Yes,Yes,Yes,Yes,No,Yes,Yes,Yes,Yes,Yes
29,deter_others_impossible,Yes,Yes,Yes,No,No,Yes,Yes,No,No,No,No,No,No,No,Yes,Yes,No,Yes,No,No
29,deter_others_possible,Yes,Yes,Yes,Yes,Yes,Yes,Yes,Yes,Yes,Yes,Yes,Yes,Yes,Yes,Yes,Yes,Yes,Yes,Yes,Yes
29,deter_possible,Yes,Yes,Yes,Yes,Yes,Yes,Yes,Yes,Yes,Yes,Yes,Yes,Yes,Yes,Yes,Yes,Yes,Yes,Yes,Yes
29,grim_trigger,Yes,Yes,Yes,Yes,Yes,Yes,Yes,Yes,Yes,Yes,Yes,Yes,Yes,Yes,Yes,Yes,Yes,Yes,Yes,Yes
29,interaction_continuous,Yes,Yes,Yes,Yes,Yes,Yes,Yes,Yes,Yes,Yes,Yes,Yes,Yes,Yes,Yes,Yes,Yes,Yes,Yes,Yes
29,interaction_not_continuous,Yes,Yes,Yes,Yes,Yes,Yes,Yes,Yes,Yes,Yes,Yes,Yes,Yes,Yes,Yes,Yes,Yes,Yes,Yes,Yes
29,legal_implications,No,No,No,No,No,No,No,No,No,No,No,No,No,No,No,No,No,No,No,No
29,legal_implications_none,Yes,Yes,Yes,Yes,Yes,Yes,Yes,Yes,Yes,Yes,Yes,Yes,Yes,Yes,Yes,Yes,Yes,Yes,Yes,Yes
29,no_context,Yes,Yes,Yes,Yes,Yes,Yes,Yes,Yes,Yes,Yes,Yes,Yes,Yes,Yes,Yes,Yes,Yes,Yes,Yes,Yes
29,offense_will_not_recur,Yes,Yes,Yes,Yes,Yes,Yes,Yes,Yes,Yes,Yes,Yes,Yes,Yes,Yes,Yes,Yes,Yes,Yes,Yes,Yes
29,offense_will_recur,Yes,Yes,Yes,Yes,Yes,Yes,Yes,Yes,Yes,Yes,Yes,Yes,Yes,Yes,Yes,Yes,Yes,Yes,Yes,Yes
29,offense_will_recur_despite_punishment,No,Yes,Yes,No,Yes,No,Yes,Yes,Yes,Yes,No,Yes,Yes,Yes,No,Yes,Yes,Yes,No,No
29,others_ambivalent,Yes,Yes,Yes,Yes,Yes,Yes,Yes,Yes,Yes,Yes,Yes,Yes,Yes,Yes,Yes,Yes,Yes,Yes,Yes,Yes
29,others_do_not_want_punishment,Yes,Yes,Yes,Yes,Yes,Yes,Yes,Yes,Yes,Yes,Yes,Yes,Yes,Yes,Yes,Yes,Yes,Yes,Yes,Yes
29,others_want_punishment,Yes,Yes,Yes,No,Yes,Yes,Yes,Yes,Yes,Yes,Yes,Yes,Yes,Yes,Yes,Yes,Yes,Yes,Yes,Yes
29,others_will_not_punish,Yes,Yes,Yes,Yes,Yes,Yes,Yes,Yes,Yes,Yes,Yes,Yes,Yes,Yes,Yes,Yes,Yes,Yes,Yes,Yes
29,others_will_punish,Yes,Yes,Yes,Yes,Yes,Yes,Yes,Yes,Yes,Yes,Yes,Yes,Yes,Yes,Yes,Yes,Yes,Yes,Yes,Yes
